key,title,authors,journal,year,abstract,doi,url,pmid,notes
40418571,Supervised Machine Learning Models for Predicting Sepsis-Associated Liver Injury in Patients With Sepsis: Development and Validation Study Based on a Multicenter Cohort Study.,Lei Jingchao; Zhai Jia; Zhang Yao; Qi Jing; Sun Chuanzheng,Journal of medical Internet research,2025,"Sepsis-associated liver injury (SALI) is a severe complication of sepsis that contributes to increased mortality and morbidity. Early identification of SALI can improve patient outcomes; however, sepsis heterogeneity makes timely diagnosis challenging. Traditional diagnostic tools are often limited, and machine learning techniques offer promising solutions for predicting adverse outcomes in patients with sepsis. This study aims to develop an explainable machine learning model, incorporating stacking techniques, to predict the occurrence of liver injury in patients with sepsis and provide decision support for early intervention and personalized treatment strategies. This retrospective multicenter cohort study adhered to the TRIPOD+AI (Transparent Reporting of a Multivariable Prediction Model for Individual Prognosis or Diagnosis, Extended for Artificial Intelligence) guidelines. Data from 8834 patients with sepsis in the Medical Information Mart for Intensive Care IV (MIMIC-IV) database were used for training and internal validation, while data from 4236 patients in the eICU-Collaborative Research Database (eICU-CRD) database were used for external validation. SALI was defined as an",10.2196/66733,https://pubmed.ncbi.nlm.nih.gov/40418571/,40418571,triPod_AI_era=2024-2025 | overall_calib=1 | subgroup_interval=0 | dual_overlap=0
40241963,Artificial intelligence in hospital infection prevention: an integrative review.,El Arab Rabie Adel; Almoosa Zainab; Alkhunaizi May; Abuadas Fuad H; Somerville Joel,Frontiers in public health,2025,"Hospital-acquired infections (HAIs) represent a persistent challenge in healthcare, contributing to substantial morbidity, mortality, and economic burden. Artificial intelligence (AI) offers promising potential for improving HAIs prevention through advanced predictive capabilities. To evaluate the effectiveness, usability, and challenges of AI models in preventing, detecting, and managing HAIs. This integrative review synthesized findings from 42 studies, guided by the SPIDER framework for inclusion criteria. We assessed the quality of included studies by applying the TRIPOD checklist to individual predictive studies and the AMSTAR 2 tool for reviews. AI models demonstrated high predictive accuracy for the detection, surveillance, and prevention of multiple HAIs, with models for surgical site infections and urinary tract infections frequently achieving area-under-the-curve (AUC) scores exceeding 0.80, indicating strong reliability. Comparative data suggest that while both machine learning and deep learning approaches perform well, some deep learning models may offer slight advantages in complex data environments. Advanced algorithms, including neural networks, decision trees, and r",10.3389/fpubh.2025.1547450,https://pubmed.ncbi.nlm.nih.gov/40241963/,40241963,triPod_AI_era=2024-2025 | overall_calib=1 | subgroup_interval=1 | dual_overlap=0
38000872,Machine learning and deep learning predictive models for long-term prognosis in patients with chronic obstructive pulmonary disease: a systematic review and meta-analysis.,Smith Luke A; Oakden-Rayner Lauren; Bird Alix; Zeng Minyan; To Minh-Son; Mukherjee Sutapa,The Lancet. Digital health,2023,"Machine learning and deep learning models have been increasingly used to predict long-term disease progression in patients with chronic obstructive pulmonary disease (COPD). We aimed to summarise the performance of such prognostic models for COPD, compare their relative performances, and identify key research gaps. We conducted a systematic review and meta-analysis to compare the performance of machine learning and deep learning prognostic models and identify pathways for future research. We searched PubMed, Embase, the Cochrane Library, ProQuest, Scopus, and Web of Science from database inception to April 6, 2023, for studies in English using machine learning or deep learning to predict patient outcomes at least 6 months after initial clinical presentation in those with COPD. We included studies comprising human adults aged 18-90 years and allowed for any input modalities. We reported area under the receiver operator characteristic curve (AUC) with 95% CI for predictions of mortality, exacerbation, and decline in forced expiratory volume in 1 s (FEV1). We reported the degree of interstudy heterogeneity using Cochran's Q test (significant heterogeneity was defined as p≤0·10 or I2>5",10.1016/S2589-7500(23)00177-2,https://pubmed.ncbi.nlm.nih.gov/38000872/,38000872,triPod_AI_era=pre-2024 | overall_calib=0 | subgroup_interval=1 | dual_overlap=1
41082207,Derivation and Validation of Predictive Models for Early Pediatric Sepsis.,Alpern Elizabeth R; Scott Halden F; Balamuth Fran; Chamberlain James M; Depinet Holly; Bajaj Lalit,JAMA pediatrics,2025,"Sepsis is a leading cause of death in children. Early recognition and treatment improve outcomes, but predictive models have not to date improved early diagnosis. To develop machine learning models to estimate the probability of developing sepsis in the subsequent 48 hours. This was a multisite registry for model derivation and validation using electronic health record (EHR) data from January 2016 through February 2020 and temporal validation from January 2021 through December 2022. The performance of machine learning algorithms was compared to predict development of sepsis and septic shock via logistic regression, specifically ridge regression and gradient tree boosting. Five health systems contributing to the Pediatric Emergency Care Applied Research Network were included. Emergency department (ED) visits for children aged 2 months or older to less than 18 years of age excluding patients with ED disposition of death or transfer, trauma diagnosis, or sepsis present during predictive features window. The TRIPOD-AI reporting guideline was followed, and data analysis was conducted from September 2023 to July 2025. Patient and physiologic characteristics within the first 4 hours of ED",10.1001/jamapediatrics.2025.3892,https://pubmed.ncbi.nlm.nih.gov/41082207/,41082207,triPod_AI_era=2024-2025 | overall_calib=1 | subgroup_interval=0 | dual_overlap=1
39939885,Prediction models for treatment response in migraine: a systematic review and meta-analysis.,Chen Qiuyi; Zhang Jiarun; Cao Baicheng; Hu Yihan; Kong Yazhuo; Li Bin,The journal of headache and pain,2025,"Migraine is a complex neurological disorder with significant clinical variability, posing challenges for effective management. Multiple treatments are available for migraine, but individual responses vary widely, making accurate prediction crucial for personalized care. This study aims to examine the use of statistical and machine learning models to predict treatment response in migraine patients. A systematic review and meta-analysis were conducted to assess the performance and quality of predictive models for migraine treatment response. Relevant studies were identified from databases such as PubMed, Cochrane Register of Controlled Trials, Embase, and Web of Science, up to 30th of November 2024. The risk of bias was evaluated using the PROBAST tool, and adherence to reporting standards was assessed with the TRIPOD + AI checklist. After screening 1,927 documents, ten studies met the inclusion criteria, and six were included in a quantitative synthesis. Key data extracted included sample characteristics, intervention types, response outcomes, modeling methods, and predictive performance metrics. A pooled analysis of the area under the curve (AUC) yielded a value of 0.86 (95% CI: 0.",10.1186/s10194-025-01972-x,https://pubmed.ncbi.nlm.nih.gov/39939885/,39939885,triPod_AI_era=2024-2025 | overall_calib=1 | subgroup_interval=0 | dual_overlap=0
40318314,Risk prediction model for chemotherapy-induced nausea and vomiting in cancer patients: a systematic review.,Wang Yongjian; Zheng Ruishuang; Wu Yunting; Liu Ting; Hao Liqian; Liu Jue,International journal of nursing studies,2025,"Chemotherapy-induced nausea and vomiting increase the healthcare burden and lead to adverse clinical outcomes in cancer patients. Although many risk prediction models for chemotherapy-induced nausea and vomiting have been developed, their methodological quality and applicability remain uncertain. To systematically review and evaluate existing studies on risk prediction models for chemotherapy-induced nausea and vomiting in cancer patients. PubMed, the Cochrane Library, Embase, Web of science, CINAHL, Scopus, China National Knowledge Infrastructure (CNKI), China Science and Technology Journal Database (VIP), Wanfang Database, Chinese Biomedical literature Database (CBM) were systematically searched from inception to October 1, 2024. Studies were appraised critically and data extracted by two authors independently based on the Prediction Model Risk of Bias Assessment Tool (PROBAST) and Data Extraction for Systematic Reviews of Prediction Modeling Studies (CHARMS). A total of 4195 articles were retrieved, ultimately including 17 studies with 62 models for chemotherapy-induced nausea and vomiting. The sample size of the included studies ranged from 137 to 2215, with areas under the cur",10.1016/j.ijnurstu.2025.105094,https://pubmed.ncbi.nlm.nih.gov/40318314/,40318314,triPod_AI_era=2024-2025 | overall_calib=0 | subgroup_interval=0 | dual_overlap=0
40626581,Development and Validation of a Nomogram for Predicting Oral Frailty Risk in Elderly Patients With Ischaemic Stroke.,Xiao Wen; Gu Danfeng; Zhang Mingqi; Liao Jiansu; Xu Tao; Deng Tianxue,Journal of clinical nursing,2026,"To develop and validate a risk prediction model for oral frailty in elderly patients with ischaemic stroke. A cross-sectional study. A temporal cohort of 633 elderly isachemic stroke patients from May 2024 to February 2025 was chronologically divided into a training set (n = 443) and validation set (n = 190). Participants were classified into oral frailty and non-oral frailty groups based on the Oral Frailty Index-8. In the training set, feature selection combined least absolute shrinkage and selection operator regression and random forest recursive feature elimination, followed by Nomogram Construction via Binary Logistic Regression. The model underwent internal validation using bootstrap resampling, and its generalizability was assessed with the validation set. The model was comprehensively evaluated using Receiver Operating Characteristic (ROC) curves, the Hosmer-Lemeshow Test, Calibration Plots, and Decision Curve Analysis (DCA). In both the training and validation sets, the prevalence of oral frailty among elderly ischaemic stroke patients was 63.2% and 62.1%, respectively. Wearing dentures, tooth brushing frequency, dry mouth symptoms, chewing difficulty, swallowing function,",10.1111/jocn.17855,https://pubmed.ncbi.nlm.nih.gov/40626581/,40626581,triPod_AI_era=2024-2025 | overall_calib=1 | subgroup_interval=1 | dual_overlap=1
40065741,Applying machine learning to predict bowel preparation adequacy in elderly patients for colonoscopy: development and validation of a web-based prediction tool.,Liu Jianying; Jiang Wei; Yu Yahong; Gong Jiali; Chen Guie; Yang Yuxing,Annals of medicine,2025,"Adequate bowel preparation is crucial for effective colonoscopy, especially in elderly patients who face a high risk of inadequate preparation. This study develops and validates a machine learning model to predict bowel preparation adequacy in elderly patients before colonoscopy. The study adhered to the TRIPOD AI guidelines. Clinical data from 471 elderly patients collected between February and December 2023 were utilized for developing and internally validating the model, while 221 patients' data from March to June 2024 were used for external validation. The Boruta algorithm was applied for feature selection. Models including logistic regression, light gradient boosting machines, support vector machines (SVM), decision trees, random forests, and extreme gradient boosting were evaluated using metrics such as AUC, accuracy, sensitivity, and specificity. The SHAP algorithm helped rank feature importance. A web-based application was developed using the Streamlit framework to enhance clinical usability. The Boruta algorithm identified 7 key features. The SVM model excelled with an AUC of 0.895 (95% CI: 0.822-0.969), and high accuracy, sensitivity, and specificity. In external validati",10.1080/07853890.2025.2474172,https://pubmed.ncbi.nlm.nih.gov/40065741/,40065741,triPod_AI_era=2024-2025 | overall_calib=1 | subgroup_interval=1 | dual_overlap=0
38596087,Development and validation of nomograms for predicting prognosis in patients with solitary HCC: A TRIPOD-Compliant study.,Li Chuanhong; Deng Yong; Liao Rui; Zhang Leida; Gu Yongpeng,Heliyon,2024,"To develop and validate nomograms for predicting the OS and CSS of patients with Solitary Hepatocellular Carcinoma (HCC). Using the TRIPOD guidelines, this study identified 5206 patients in the Surveillance, Epidemiology, and End Results (SEER) 17 registry database. All patients were randomly divided in a ratio of 7:3 into a training cohort (n = 3646) and a validation cohort (n = 1560), and the Chinese independent cohort (n = 307) constituted the external validation group. The prognosis-related risk factors were selected using univariate Cox regression analysis, and the independent prognostic factors of OS and CSS were identified using the Lasso-Cox regression model. The nomograms for predicting the OS and CSS of the patients were constructed based on the identified prognostic factors. Their prediction ability was evaluated using the concordance index (C-index), receiver operating characteristic (ROC) curve, and calibration curve in both the training and validation cohorts. We identified factors that predict OS and CSS and constructed two nomograms based on the data. The ROC analysis, C-index analysis, and calibration analysis indicated that the two nomograms performed well over th",10.1016/j.heliyon.2024.e28877,https://pubmed.ncbi.nlm.nih.gov/38596087/,38596087,triPod_AI_era=2024-2025 | overall_calib=0 | subgroup_interval=1 | dual_overlap=1
39097246,Artificial Intelligence and Machine Learning in Cancer Pain: A Systematic Review.,Salama Vivian; Godinich Brandon; Geng Yimin; Humbert-Vidan Laia; Maule Laura; Wahid Kareem A,Journal of pain and symptom management,2024,"Pain is a challenging multifaceted symptom reported by most cancer patients. This systematic review aims to explore applications of artificial intelligence/machine learning (AI/ML) in predicting pain-related outcomes and pain management in cancer. A comprehensive search of Ovid MEDLINE, EMBASE and Web of Science databases was conducted using terms: """"Cancer,"""" """"Pain,"""" """"Pain Management,"""" """"Analgesics,"""" """"Artificial Intelligence,"""" """"Machine Learning,"""" and """"Neural Networks"""" published up to September 7, 2023. AI/ML models, their validation and performance were summarized. Quality assessment was conducted using PROBAST risk-of-bias andadherence to TRIPOD guidelines. Forty four studies from 2006 to 2023 were included. Nineteen studies used AI/ML for classifying pain after cancer therapy [median AUC 0.80 (range 0.76-0.94)]. Eighteen studies focused on cancer pain research [median AUC 0.86 (range 0.50-0.99)], and 7 focused on applying AI/ML for cancer pain management, [median AUC 0.71 (range 0.47-0.89)]. Median AUC (0.77) of models across all studies. Random forest models demonstrated the highest performance (median AUC 0.81), lasso models had the highest median sensitivity (1), while Support V",10.1016/j.jpainsymman.2024.07.025,https://pubmed.ncbi.nlm.nih.gov/39097246/,39097246,triPod_AI_era=2024-2025 | overall_calib=1 | subgroup_interval=0 | dual_overlap=1
32479165,Transparent Reporting of Multivariable Prediction Models in Journal and Conference Abstracts: TRIPOD for Abstracts.,Heus Pauline; Reitsma Johannes B; Collins Gary S; Damen Johanna A A G; Scholten Rob J P M; Altman Douglas G,Annals of internal medicine,2020,"Clear and informative reporting in titles and abstracts is essential to help readers and reviewers identify potentially relevant studies and decide whether to read the full text. Although the TRIPOD (Transparent Reporting of a multivariable prediction model for Individual Prognosis Or Diagnosis) statement provides general recommendations for reporting titles and abstracts, more detailed guidance seems to be desirable. The authors present TRIPOD for Abstracts, a checklist and corresponding guidance for reporting prediction model studies in abstracts. A list of 32 potentially relevant items was the starting point for a modified Delphi procedure involving 110 experts, of whom 71 (65%) participated in the web-based survey. After 2 Delphi rounds, the experts agreed on 21 items as being essential to report in abstracts of prediction model studies. This number was reduced by merging some of the items. In a third round, participants provided feedback on a draft version of TRIPOD for Abstracts. The final checklist contains 12 items and applies to journal and conference abstracts that describe the development or external validation of a diagnostic or prognostic prediction model, or the added",10.7326/M20-0193,https://pubmed.ncbi.nlm.nih.gov/32479165/,32479165,triPod_AI_era=pre-2024 | overall_calib=1 | subgroup_interval=1 | dual_overlap=1
38783054,Individualized prediction models in ADHD: a systematic review and meta-regression.,Salazar de Pablo Gonzalo; Iniesta Raquel; Bellato Alessio; Caye Arthur; Dobrosavljevic Maja; Parlatini Valeria,Molecular psychiatry,2024,"There have been increasing efforts to develop prediction models supporting personalised detection, prediction, or treatment of ADHD. We overviewed the current status of prediction science in ADHD by: (1) systematically reviewing and appraising available prediction models; (2) quantitatively assessing factors impacting the performance of published models. We did a PRISMA/CHARMS/TRIPOD-compliant systematic review (PROSPERO: CRD42023387502), searching, until 20/12/2023, studies reporting internally and/or externally validated diagnostic/prognostic/treatment-response prediction models in ADHD. Using meta-regressions, we explored the impact of factors affecting the area under the curve (AUC) of the models. We assessed the study risk of bias with the Prediction Model Risk of Bias Assessment Tool (PROBAST). From 7764 identified records, 100 prediction models were included (88% diagnostic, 5% prognostic, and 7% treatment-response). Of these, 96% and 7% were internally and externally validated, respectively. None was implemented in clinical practice. Only 8% of the models were deemed at low risk of bias; 67% were considered at high risk of bias. Clinical, neuroimaging, and cognitive predict",10.1038/s41380-024-02606-5,https://pubmed.ncbi.nlm.nih.gov/38783054/,38783054,triPod_AI_era=2024-2025 | overall_calib=0 | subgroup_interval=0 | dual_overlap=1
41473241,Development and external validation of machine-learning based models to predict diabetic foot ulcer in diabetes population.,Zhang Yanji; Tian Yingying; Jian Yang; Wei Zairong; Cai Silang; Zhang Gaofengi,Frontiers in endocrinology,2025,"Diabetic foot ulcer (DFU) is a common and serious complication in patients with diabetes, which affects the quality of life greatly as well as brings high risk for mortality. Identification of high-risk individuals, as early as possible is important for efficient intervention and prevention. This study systematically evaluates and summarizes the diagnostic accuracy of machine learning approaches for predicting DFU risk in diabetic patients. This study adhered to the TRIPOD+AI (Transparent Reporting of a Multivariable Prediction Model for Individual Prognosis or Diagnosis, Extended for Artificial Intelligence) guidelines. Using data from the National Health and Nutrition Examination Survey (NHANES) 1999-2004 to determine diagnosis of DFU related clinical characteristics, laboratory indicators and lifestyle-related variables. The diagnostic performance of its models trained using Logistic Regression (LR), K-Nearest Neighbors (KNN), Random Forest (RF), Extreme Gradient Boosting (XGBoost) and Support Vector Machine (SVM) classifiers were compared. An independent testing dataset collected from the Second Affiliated Hospital of Zunyi Medical University was used to conduct external valida",10.3389/fendo.2025.1692917,https://pubmed.ncbi.nlm.nih.gov/41473241/,41473241,triPod_AI_era=2024-2025 | overall_calib=1 | subgroup_interval=0 | dual_overlap=0
40620096,A practical guide for nephrologist peer reviewers: evaluating artificial intelligence and machine learning research in nephrology.,Wang Yanni; Cheungpasitporn Wisit; Ali Hatem; Qing Jianbo; Thongprayoon Charat; Kaewput Wisit,Renal failure,2025,"Artificial intelligence (AI) and machine learning (ML) are transforming nephrology by enhancing diagnosis, risk prediction, and treatment optimization for conditions such as acute kidney injury (AKI) and chronic kidney disease (CKD). AI-driven models utilize diverse datasets-including electronic health records, imaging, and biomarkers-to improve clinical decision-making. Applications such as convolutional neural networks for kidney biopsy interpretation, and predictive modeling for renal replacement therapies underscore AI's potential. Nonetheless, challenges including data quality, limited external validation, algorithmic bias, and poor interpretability constrain the clinical reliability of AI/ML models. To address these issues, this article offers a structured framework for nephrologist peer reviewers, integrating the TRIPOD-AI (Transparent Reporting of a Multivariable Prediction Model for Individual Prognosis or Diagnosis-AI Extension) checklist. Key evaluation criteria include dataset integrity, feature selection, model validation, reporting transparency, ethics, and real-world applicability. This framework promotes rigorous peer review and enhances the reproducibility, clinica",10.1080/0886022X.2025.2513002,https://pubmed.ncbi.nlm.nih.gov/40620096/,40620096,triPod_AI_era=2024-2025 | overall_calib=1 | subgroup_interval=0 | dual_overlap=0
36750236,Transparent reporting of multivariable prediction models developed or validated using clustered data (TRIPOD-Cluster): explanation and elaboration.,Debray Thomas P A; Collins Gary S; Riley Richard D; Snell Kym I E; Van Calster Ben; Reitsma Johannes B,BMJ (Clinical research ed.),2023,"The TRIPOD-Cluster (transparent reporting of multivariable prediction models developed or validated using clustered data) statement comprises a 19 item checklist, which aims to improve the reporting of studies developing or validating a prediction model in clustered data, such as individual participant data meta-analyses (clustering by study) and electronic health records (clustering by practice or hospital). This explanation and elaboration document describes the rationale; clarifies the meaning of each item; and discusses why transparent reporting is important, with a view to assessing risk of bias and clinical usefulness of the prediction model. Each checklist item of the TRIPOD-Cluster statement is explained in detail and accompanied by published examples of good reporting. The document also serves as a reference of factors to consider when designing, conducting, and analysing prediction model development or validation studies in clustered data. To aid the editorial process and help peer reviewers and, ultimately, readers and systematic reviewers of prediction model studies, authors are recommended to include a completed checklist in their submission.",10.1136/bmj-2022-071058,https://pubmed.ncbi.nlm.nih.gov/36750236/,36750236,triPod_AI_era=pre-2024 | overall_calib=0 | subgroup_interval=1 | dual_overlap=1
38226447,Systematic review of machine-learning models in orthopaedic trauma.,Dijkstra Hidde; van de Kuit Anouk; de Groot Tom M; Canta Olga; Groot Olivier Q; Oosterhoff Jacobien H,Bone & joint open,2024,"Machine-learning (ML) prediction models in orthopaedic trauma hold great promise in assisting clinicians in various tasks, such as personalized risk stratification. However, an overview of current applications and critical appraisal to peer-reviewed guidelines is lacking. The objectives of this study are to 1) provide an overview of current ML prediction models in orthopaedic trauma; 2) evaluate the completeness of reporting following the Transparent Reporting of a multivariable prediction model for Individual Prognosis Or Diagnosis (TRIPOD) statement; and 3) assess the risk of bias following the Prediction model Risk Of Bias Assessment Tool (PROBAST) tool. A systematic search screening 3,252 studies identified 45 ML-based prediction models in orthopaedic trauma up to January 2023. The TRIPOD statement assessed transparent reporting and the PROBAST tool the risk of bias. A total of 40 studies reported on training and internal validation; four studies performed both development and external validation, and one study performed only external validation. The most commonly reported outcomes were mortality (33%, 15/45) and length of hospital stay (9%, 4/45), and the majority of predictio",10.1302/2633-1462.51.BJO-2023-0095.R1,https://pubmed.ncbi.nlm.nih.gov/38226447/,38226447,triPod_AI_era=2024-2025 | overall_calib=1 | subgroup_interval=0 | dual_overlap=0
40964606,Development of an optimized risk evaluation system for cardiovascular-kidney-metabolic syndrome-associated coronary heart disease based on tabular prior-data fitted network.,Zhu Shidian; Zhang Hui; Liu Yanlin; Bu Wenyu; Wu Qiang; Wang Jin,Digital health,2025,"The innovative concept of cardiovascular-kidney-metabolic (CKM) syndrome and tabular prior-data fitted network (TabPFN) offers opportunities for optimizing coronary heart disease (CHD) risk evaluation. This study compared TabPFN with traditional machine learning (ML) methods in medical small-sample data, aiming to construct and validate a risk model for coronary stenosis in CKM-CHD patients. The research strictly adheres to transparent reporting of a multivariable prediction model for individual prognosis or diagnosis + artificial intelligence (TRIPOD + AI). A total of 296 inpatients from the Main Campus of Jiangsu Province Hospital of Chinese Medicine (June 2023-August 2024) and Zidong Branch (June 2024-December 2024) were screened. The data of the Main Campus were randomly divided into a training set (n = 160) and an internal validation set (n = 54) according to a ratio of 3:1, and the data of Zidong Branch were used as an external validation set (n = 82). Integrated least absolute shrinkage and selection operator regression was used to screen risk factors. TabPFN and eight traditional ML algorithms were applied to build models, which were evaluated by common indicators, calibrat",10.1177/20552076251379379,https://pubmed.ncbi.nlm.nih.gov/40964606/,40964606,triPod_AI_era=2024-2025 | overall_calib=1 | subgroup_interval=1 | dual_overlap=1
32552702,Early warning score validation methodologies and performance metrics: a systematic review.,Fang Andrew Hao Sen; Lim Wan Tin; Balakrishnan Tharmmambal,BMC medical informatics and decision making,2020,"Early warning scores (EWS) have been developed as clinical prognostication tools to identify acutely deteriorating patients. In the past few years, there has been a proliferation of studies that describe the development and validation of novel machine learning-based EWS. Systematic reviews of published studies which focus on evaluating performance of both well-established and novel EWS have shown conflicting conclusions. A possible reason is the heterogeneity in validation methods applied. In this review, we aim to examine the methodologies and metrics used in studies which perform EWS validation. A systematic review of all eligible studies from the MEDLINE database and other sources, was performed. Studies were eligible if they performed validation on at least one EWS and reported associations between EWS scores and inpatient mortality, intensive care unit (ICU) transfers, or cardiac arrest (CA) of adults. Two reviewers independently did a full-text review and performed data abstraction by using standardized data-worksheet based on the TRIPOD (Transparent reporting of a multivariable prediction model for individual prognosis or diagnosis) checklist. Meta-analysis was not performed",10.1186/s12911-020-01144-8,https://pubmed.ncbi.nlm.nih.gov/32552702/,32552702,triPod_AI_era=pre-2024 | overall_calib=0 | subgroup_interval=0 | dual_overlap=0
32278089,Development and validation of early warning score system: A systematic literature review.,Fu Li-Heng; Schwartz Jessica; Moy Amanda; Knaplund Chris; Kang Min-Jeoung; Schnock Kumiko O,Journal of biomedical informatics,2020,"This review aims to: 1) evaluate the quality of model reporting, 2) provide an overview of methodology for developing and validating Early Warning Score Systems (EWSs) for adult patients in acute care settings, and 3) highlight the strengths and limitations of the methodologies, as well as identify future directions for EWS derivation and validation studies. A systematic search was conducted in PubMed, Cochrane Library, and CINAHL. Only peer reviewed articles and clinical guidelines regarding developing and validating EWSs for adult patients in acute care settings were included. 615 articles were extracted and reviewed by five of the authors. Selected studies were evaluated based on the Transparent Reporting of a multivariable prediction model for Individual Prognosis Or Diagnosis (TRIPOD) checklist. The studies were analyzed according to their study design, predictor selection, outcome measurement, methodology of modeling, and validation strategy. A total of 29 articles were included in the final analysis. Twenty-six articles reported on the development and validation of a new EWS, while three reported on validation and model modification. Only eight studies met more than 75% of t",10.1016/j.jbi.2020.103410,https://pubmed.ncbi.nlm.nih.gov/32278089/,32278089,triPod_AI_era=pre-2024 | overall_calib=1 | subgroup_interval=0 | dual_overlap=1
40059970,Evaluation of prognostic scores in patients with HCC undergoing first-line immunotherapy with atezolizumab and bevacizumab.,Gairing Simon Johannes; Mildenberger Philipp; Gile Jennifer; Artusa Fabian; Scheiner Bernhard; Leyh Catherine,JHEP reports : innovation in hepatology,2025,"Immunotherapy with atezolizumab and bevacizumab (a + b) has improved the prognosis of patients with unresectable hepatocellular carcinoma (HCC). However, the outcome for individual patients is highly variable. This study aimed to (i) develop and validate a prognostic prediction model to estimate individual prognosis and (ii) compare it with established models. In this multicenter retrospective study, patients with HCC undergoing first-line immunotherapy with a + b from 24 centers (Europe, USA) were included. Statistical analysis and reporting followed the TRIPOD guidelines. The primary objective was overall survival (OS). A Cox model was developed and externally validated. In total, 683 patients were included (training: 526, validation: 157). The C-reactive protein, albumin, bilirubin, lymphocytes, ECOG performance status, and extrahepatic spread (CABLE score) remained significantly associated with OS in Cox regression analysis. In the training set, the CABLE score had a higher discriminatory accuracy relative to ALBI, EZ-ALBI, mALBI, CRAFITY, PNI, NLR, PLR, and GPS (time-dependent AUC 0.79 and C-index 0.75 (95% CI 0.71-0.78) at 12 months). In the external validation set, the discr",10.1016/j.jhepr.2024.101295,https://pubmed.ncbi.nlm.nih.gov/40059970/,40059970,triPod_AI_era=2024-2025 | overall_calib=1 | subgroup_interval=0 | dual_overlap=0
40604360,Artificial intelligence in surgery research: Successfully implementing AI clinical decision support models.,Choi Jeff,The journal of trauma and acute care surgery,2025,"Artificial intelligence (AI) in surgery literature typically encompasses decision support models that aim to help clinicians make better decisions. Many studies report developing and validating models, yet few models are implemented at the bedside. Exceedingly few models achieve their intended goal upon implementation. While the TRIPOD-AI and DECIDE-AI guidelines outline separate reporting standards for the development/validation, and staged implementation of AI models, respectively, this article outlines how future implementation should be considered at the outset before model development. Building on lessons from high-performing AI decision support models that faced challenges upon implementation, we will discuss study design consideration for building trustworthy and actionable AI clinical decision support models that can cross the database-to-bedside gap and become successfully implemented.",10.1097/TA.0000000000004725,https://pubmed.ncbi.nlm.nih.gov/40604360/,40604360,triPod_AI_era=2024-2025 | overall_calib=0 | subgroup_interval=0 | dual_overlap=0
40536772,An Individualized Prediction Model for Early-Stage Classic Hodgkin's Lymphoma.,Rodday Angie Mae; Evens Andrew M; Maurer Matthew J; Upshaw Jenica N; Counsell Nicholas; Rossetti Sara,NEJM evidence,2025,"A predictive model for early-stage classic Hodgkin's lymphoma (cHL) does not exist. Leveraging patient-level data from large clinical trials and registries, we developed and validated a model that we term the Early-Stage cHL International Prognostication Index (E-HIPI) to predict 2-year progression-free survival (PFS). We developed the model using the Transparent Reporting of a Multivariable Prediction Model for Individual Prognosis or Diagnosis (TRIPOD) guidelines in 3000 adults with newly diagnosed early-stage cHL from four international phase III clinical trials conducted from 1994 to 2011. External validation was performed in two cohorts, totaling 2360 treated patients from five international cHL registries (1996 to 2019). Two-year PFS was estimated using a Cox model with pretreatment variables selected using backward elimination. Internal validation corrected for overfitting. External validation assessed discrimination and calibration. The final model was also compared against European Organisation for Research and Treatment of Cancer (EORTC) favorable or unfavorable status. The median age in the development cohort was 31.2 years; 77.4% had stage II disease. The estimated 2-ye",10.1056/EVIDoa2500115,https://pubmed.ncbi.nlm.nih.gov/40536772/,40536772,triPod_AI_era=2024-2025 | overall_calib=1 | subgroup_interval=0 | dual_overlap=1
41047269,Development and validation of diagnostic and prognostic prediction tools for dental caries in young children through prospective and cross-sectional observational studies: a protocol.,Khazaei Yeganeh; Kodikara Saritha; Butler Catherine A; Messina Nicole L; Lê Cao Kim-Anh; Dashper Stuart G,BMJ open,2025,"Dental caries is the most common oral disease worldwide, affecting up to 90% of children globally. It can lead to pain, infection and impaired quality of life. Early prevention is a key strategy for reducing the prevalence of dental caries in young children. Valid and reliable diagnostic or prognostic tools that enable accurate individualised prediction of current or future dental caries are essential for facilitating personalised caries prevention and early intervention. However, no efficacious tools currently exist in early childhood-the optimal period for disease prevention. We aim to develop and validate diagnostic and prognostic prediction tools for dental caries in young children, using a combination of environmental, physical, behavioural and biological early life data. Data sources include two prospective studies, with a total sample size of approximately 600 children. These cohorts have collected detailed demographic, antenatal, perinatal and postnatal data from medical records and parent-completed questionnaires and biological samples including a dental plaque swab. Candidate predictor variables will include sociodemographic characteristics, health history, behavioural an",10.1136/bmjopen-2025-105145,https://pubmed.ncbi.nlm.nih.gov/41047269/,41047269,triPod_AI_era=2024-2025 | overall_calib=1 | subgroup_interval=0 | dual_overlap=0
34757383,Systematic review of prediction models for postacute care destination decision-making.,Kennedy Erin E; Bowles Kathryn H; Aryal Subhash,Journal of the American Medical Informatics Association : JAMIA,2021,"This article reports a systematic review of studies containing development and validation of models predicting postacute care destination after adult inpatient hospitalization, summarizes clinical populations and variables, evaluates model performance, assesses risk of bias and applicability, and makes recommendations to reduce bias in future models. A systematic literature review was conducted following PRISMA guidelines and the Cochrane Prognosis Methods Group criteria. Online databases were searched in June 2020 to identify all published studies in this area. Data were extracted based on the CHARMS checklist, and studies were evaluated based on predictor variables, validation, performance in validation, risk of bias, and applicability using the Prediction Model Risk of Bias Assessment Tool (PROBAST) tool. The final sample contained 28 articles with 35 models for evaluation. Models focused on surgical (22), medical (5), or both (8) populations. Eighteen models were internally validated, 10 were externally validated, and 7 models underwent both types. Model performance varied within and across populations. Most models used retrospective data, the median number of predictors was 8.",10.1093/jamia/ocab197,https://pubmed.ncbi.nlm.nih.gov/34757383/,34757383,triPod_AI_era=pre-2024 | overall_calib=0 | subgroup_interval=1 | dual_overlap=1
40805252,Application of Artificial Intelligence in Pancreatic Cyst Management: A Systematic Review.,Lee Donghyun; Jesry Fadel; Maliekkal John J; Goulder Lewis; Huntly Benjamin; Smith Andrew M,Cancers,2025,"Pancreatic cystic lesions (PCLs), including intraductal papillary mucinous neoplasms (IPMNs) and mucinous cystic neoplasms (MCNs), pose a diagnostic challenge due to their variable malignant potential. Current guidelines, such as Fukuoka and American Gastroenterological Association (AGA), have moderate predictive accuracy and may lead to overtreatment or missed malignancies. Artificial intelligence (AI), incorporating machine learning (ML) and deep learning (DL), offers the potential to improve risk stratification, diagnosis, and management of PCLs by integrating clinical, radiological, and molecular data. This is the first systematic review to evaluate the application, performance, and clinical utility of AI models in the diagnosis, classification, prognosis, and management of pancreatic cysts. A systematic review was conducted in accordance with PRISMA guidelines and registered on PROSPERO (CRD420251008593). Databases searched included PubMed, EMBASE, Scopus, and Cochrane Library up to March 2025. The inclusion criteria encompassed original studies employing AI, ML, or DL in human subjects with pancreatic cysts, evaluating diagnostic, classification, or prognostic outcomes. Data ",10.3390/cancers17152558,https://pubmed.ncbi.nlm.nih.gov/40805252/,40805252,triPod_AI_era=2024-2025 | overall_calib=1 | subgroup_interval=0 | dual_overlap=0
41175546,Systematic review of a machine learning model for prediction of venous thromboembolism risk.,Ge Wen-Jing; Zhu Teng-Fei; Ge Wen-Jie; Zhu Xin-Yi; Chu Ai-Qin,Thrombosis research,2025,"This systematic review aims to evaluate the methodological quality, performance, and clinical applicability of machine learning (ML) models for predicting the risk of venous thromboembolism (VTE) in hospitalized patients. Specifically, we aim to assess the methodological quality and reporting transparency of the included studies, with a focus on their risk of bias and adherence to reporting guidelines. A systematic review by use of the databases Cochrane Library, Web of Science, Embase, PubMed, CNKI, VIP Journal Database, Wanfang Database, and the Chinese Biomedical Literature Database. The study was registered at PROSPERO before data collection and PRISMA guidelines were followed. The search was conducted to identify all relevant studies published from the inception of database up to August 1, 2024. Two independent researchers screened the literature and extracted data. Model quality was assessed using the PROBAST appraisal tool and a modified TRIPOD+AI framework, alongside reported model performance metrics. A total of seventeen studies were included, comprising 65 VTE ML models with sample sizes ranging from 120 to 9213. All models demonstrated an area under the curve (AUC) >0.7",10.1016/j.thromres.2025.109507,https://pubmed.ncbi.nlm.nih.gov/41175546/,41175546,triPod_AI_era=2024-2025 | overall_calib=1 | subgroup_interval=1 | dual_overlap=1
37285695,"Artificial intelligence, big data and heart transplantation: Actualities.",Palmieri Vittorio; Montisci Andrea; Vietri Maria Teresa; Colombo Paolo C; Sala Silvia; Maiello Ciro,International journal of medical informatics,2023,"As diagnostic and prognostic models developed by traditional statistics perform poorly in real-world, artificial intelligence (AI) and Big Data (BD) may improve the supply chain of heart transplantation (HTx), allocation opportunities, correct treatments, and finally optimize HTx outcome. We explored available studies, and discussed opportunities and limits of medical application of AI to the field of HTx. A systematic overview of studies published up to December 31st, 2022, in English on peer-revied journals, have been identified through PUBMED-MEDLINE-WEB of Science, referring to HTx, AI, BD. Studies were grouped in 4 domains based on main studies' objectives and results: etiology, diagnosis, prognosis, treatment. A systematic attempt was made to evaluate studies by the Prediction model Risk Of Bias ASsessment Tool (PROBAST) and the Transparent Reporting of a multivariable prediction model for Individual Prognosis Or Diagnosis (TRIPOD). Among the 27 publications selected, none used AI applied to BD. Of the selected studies, 4 fell in the domain of etiology, 6 in the domain of diagnosis, 3 in the domain of treatment, and 17 in that of prognosis, as AI was most frequently used for ",10.1016/j.ijmedinf.2023.105110,https://pubmed.ncbi.nlm.nih.gov/37285695/,37285695,triPod_AI_era=pre-2024 | overall_calib=0 | subgroup_interval=1 | dual_overlap=1
32448593,Evaluating the quality of reporting of melanoma prediction models.,Jiang Matthew Y; Dragnev Nathalie C; Wong Sandra L,Surgery,2020,"Multivariable prediction models combine patient data points to provide actionable estimates of outcomes. Prediction models for melanoma are important for guidance in the midst of the rising incidence and evolving treatment options. This study evaluates the quality of reporting of prediction models using the Transparent Reporting of a Multivariable Prediction Model for Individual Prognosis or Diagnosis (TRIPOD) checklist. We performed a systematic literature search to identify publications describing development and/or validation of melanoma prediction models. For each study, reviewers assessed compliance with 22 TRIPOD items. We also assessed a model's predictive ability (area under the curve) compared with TRIPOD adherence. We originally identified 67 articles, of which 27 met inclusion criteria. No study completely followed the TRIPOD checklist, and median overall adherence was 61%. Authors were least likely to report participant characteristics, title, and abstract in accordance with the TRIPOD checklist. Linear correlation between a model's area under the curve and TRIPOD checklist adherence was not statistically significant, r = -0.09 (P = .34). Current reporting of melanoma m",10.1016/j.surg.2020.04.016,https://pubmed.ncbi.nlm.nih.gov/32448593/,32448593,triPod_AI_era=pre-2024 | overall_calib=1 | subgroup_interval=0 | dual_overlap=0
40953036,Risk prediction model for post-endoscopic retrograde cholangiopancreatography pancreatitis: A systematic review and meta-analysis.,Mao Yijun; Liu Qiang; Fan Hui; He Wenjing; Zhang Cheng; Ouyang Xueqian,PloS one,2025,"Post-endoscopic retrograde cholangiopancreatography pancreatitis (PEP) is the most common and clinically significant complication of ERCP, with an incidence of 3.5-9.7% in general populations and up to 14.7% in high-risk groups, leading to considerable morbidity, mortality, and healthcare costs. Although numerous multivariable prediction models have been developed, their predictor sets, methodological rigor, and clinical applicability remain highly variable. We conducted a PRISMA 2020-compliant systematic review and meta-analysis, prospectively registered in PROSPERO (CRD42024556967). Nine databases were searched to June 1, 2024, for studies developing or validating multivariable PEP risk prediction models. Data on study/model characteristics, predictors, and performance metrics were extracted. Risk of bias was assessed with PROBAST, and study quality with the Newcastle-Ottawa Scale. Random-effects meta-analyses pooled (i) PEP incidence, (ii) associations of individual predictors, and (iii) overall model performance. Twenty-four studies (26 models; n = 38,016) published from 2002-2024 were included, predominantly retrospective cohorts from East Asia (n = 16). The pooled PEP inciden",10.1371/journal.pone.0332378,https://pubmed.ncbi.nlm.nih.gov/40953036/,40953036,triPod_AI_era=2024-2025 | overall_calib=1 | subgroup_interval=1 | dual_overlap=0
42667902,"Data-centric, robust, and explainable multimodal deep learning for clinical decision support: A systematic review.",Islam Md Mazharul; Tanzim Alam Abrar Mohammed; Rahman Rony Md Sadikur; Das Susmay,International journal of medical informatics,2026,"Multimodal deep learning is increasingly proposed for clinical decision support (CDS) under a """"data-centric"""" framing that prioritizes label quality, missing-modality robustness, distribution shift, calibration, and explainability. Prior reviews have examined multimodal medical AI, CDS, and data-centric methods separately, but none address their intersection. We mapped the modalities, fusion strategies, and data-centric and explainability techniques used in this recent literature, quantified how often each is implemented rather than merely mentioned, assessed deployment-relevant evidence (external validation, clinical-outcome measurement, equity), and formally appraised study-level risk of bias. Following the PRISMA 2020 statement (PROSPERO CRD420261427815; registered retrospectively), we screened 150 records and included primary, clinical, multimodal studies that applied machine or deep learning to a decision-support task and reported at least one quantitative result. Two reviewers screened and extracted data with consensus adjudication. Each study was coded against pre-specified operational definitions, separating implemented or empirically evaluated techniques from those only men",10.1016/j.ijmedinf.2026.106684,https://pubmed.ncbi.nlm.nih.gov/42667902/,42667902,triPod_AI_era=2024-2025 | overall_calib=0 | subgroup_interval=0 | dual_overlap=1
41561680,Development and validation of predictive models for 6-month gastrostomy timing in amyotrophic lateral sclerosis.,Lizio Andrea; Lops Jessica; Farè Matteo; Pezzera Sharon; Piras Rachele; Sideri Riccardo,BMJ neurology open,2026,"Dysphagia is common in amyotrophic lateral sclerosis (ALS), contributing to malnutrition and accelerated disease progression. Although early nutritional intervention is recommended, the optimal timing for percutaneous endoscopic gastrostomy (PEG) placement remains uncertain. This study aimed to develop and validate simple prediction models, accessible via an online calculator, to identify ALS patients likely to require PEG within 6 months. We conducted a retrospective cohort study including ALS patients followed at three Italian reference centres between February 2018 and October 2023. Predictors of PEG placement within 6 months were identified using univariate and multivariable binary logistic regression models. Prediction models were developed following Transparent Reporting of a multivariable prediction model for Individual Prognosis Or Diagnosis (TRIPOD) guidelines and underwent both internal and external validation. In the development cohort (n=263; median age 63.8 years), 138 patients (52.5%) underwent PEG within 6 months. Three models were developed: the Anamnestic Prediction Model, based on age, onset site and non-invasive ventilation (NIV), showed fair predictive performan",10.1136/bmjno-2025-001336,https://pubmed.ncbi.nlm.nih.gov/41561680/,41561680,triPod_AI_era=2024-2025 | overall_calib=1 | subgroup_interval=0 | dual_overlap=0
40623883,Development and retrospective validation of an artificial intelligence system for diagnostic assessment of prostate biopsies: study protocol.,Mulliqi Nita; Blilie Anders; Ji Xiaoyi; Szolnoky Kelvin; Olsson Henrik; Titus Matteo,BMJ open,2025,"Histopathological evaluation of prostate biopsies using the Gleason scoring system is critical for prostate cancer diagnosis and treatment selection. However, grading variability among pathologists can lead to inconsistent assessments, risking inappropriate treatment. Similar challenges complicate the assessment of other prognostic features like cribriform cancer morphology and perineural invasion. Many pathology departments are also facing an increasingly unsustainable workload due to rising prostate cancer incidence and a decreasing pathologist workforce coinciding with increasing requirements for more complex assessments and reporting. Digital pathology and artificial intelligence (AI) algorithms for analysing whole slide images show promise in improving the accuracy and efficiency of histopathological assessments. Studies have demonstrated AI's capability to diagnose and grade prostate cancer comparably to expert pathologists. However, external validations on diverse data sets have been limited and often show reduced performance. Historically, there have been no well-established guidelines for AI study designs and validation methods. Diagnostic assessments of AI systems often l",10.1136/bmjopen-2024-097591,https://pubmed.ncbi.nlm.nih.gov/40623883/,40623883,triPod_AI_era=2024-2025 | overall_calib=1 | subgroup_interval=0 | dual_overlap=0
41939888,"Development and validation of a diagnostic nomogram integrating anatomical scores and systemic immune-inflammatory biomarkers for De Novo metastatic renal cell carcinoma: a single-center, retrospective study (2016-2025).",Chen Xu; Liu Yucheng; Wang Tianyu; Liu Disheng; Chang Pengcheng; Liu Nianjun,Frontiers in immunology,2026,"At initial diagnosis, approximately 30% of renal cell carcinoma (RCC) patients have de novo metastasis. This study aims to develop and validate a diagnostic nomogram for predicting cancer metastasis in patients with initially diagnosed RCC. A retrospective analysis was conducted in accordance with the TRIPOD (Transparent Reporting of a Multivariable Prediction Model for Individual Prognosis or Diagnosis) reporting guideline, involving patients with RCC treated at the First Hospital of Lanzhou University from January 2016 to August 2025. Patients were randomly assigned to a training cohort and a validation cohort in a 7:3 ratio. Variable selection was performed using three machine learning algorithms: LASSO, SVM-RFE, and Boruta. Independent predictors were identified through multivariate logistic regression, and a diagnostic nomogram was constructed. Model performance was evaluated using receiver operating characteristic (ROC) curves, area under the curve (AUC), calibration curves, and decision curve analysis (DCA). Three independent predictors were identified: lymphocyte-to-monocyte ratio (LMR) (OR = 0.78, 95% CI: 0.62-0.98), serum albumin-to-alkaline phosphatase ratio (AAPR) (OR =",10.3389/fimmu.2026.1747057,https://pubmed.ncbi.nlm.nih.gov/41939888/,41939888,triPod_AI_era=2024-2025 | overall_calib=0 | subgroup_interval=0 | dual_overlap=0
40829629,Machine Learning in Venous Thromboembolism-Why and What Next?,Gurumurthy Gerard; Kisiel Filip; Reynolds Lianna; Thomas Will; Othman Maha; Arachchillage Deepa J,Seminars in thrombosis and hemostasis,2026,"Venous thromboembolism (VTE) remains a leading cause of cardiovascular morbidity and mortality, despite advances in imaging and anticoagulation. VTE arises from diverse and overlapping risk factors, such as inherited thrombophilia, immobility, malignancy, surgery or trauma, pregnancy, hormonal therapy, obesity, chronic medical conditions (e.g., heart failure, inflammatory disease), and advancing age. Clinicians, therefore, face challenges in balancing the benefits of thromboprophylaxis against the bleeding risk. Existing clinical risk scores often exhibit only modest discrimination and calibration across heterogeneous patient populations. Machine learning (ML) has emerged as a promising tool to address these limitations. In imaging, convolutional neural networks and hybrid algorithms can detect VTE on CT pulmonary angiography with areas under the curves (AUCs) of 0.85 to 0.96. In surgical cohorts, gradient-boosting models outperform traditional risk scores, achieving AUCs between 0.70 and 0.80 in predicting postoperative VTE. In cancer-associated venous thrombosis, advanced ML models demonstrate AUCs between 0.68 and 0.82. However, concerns about bias and external validation persis",10.1055/a-2669-7933,https://pubmed.ncbi.nlm.nih.gov/40829629/,40829629,triPod_AI_era=2024-2025 | overall_calib=1 | subgroup_interval=0 | dual_overlap=1
34981135,Quality assessment of radiomics research in cardiac CT: a systematic review.,Lee Suji; Han Kyunghwa; Suh Young Joo,European radiology,2022,"To assess the quality of current radiomics research on cardiac CT using radiomics quality score (RQS) and Transparent Reporting of a multivariable prediction model for Individual Prognosis Or Diagnosis (TRIPOD) systems. Systematic searches of PubMed and EMBASE were performed to identify all potentially relevant original research articles about cardiac CT radiomics. Fifteen original research articles were selected. Two cardiac radiologists assessed the quality of the methodology adopted in those studies according to the RQS and TRIPOD guidelines. Basic adherence rates for the following six key domains were evaluated: image protocol and reproducibility, feature reduction and validation, biologic/clinical utility, performance index, high level of evidence, and open science. Among the 15 included articles, six (40%) were about coronary artery disease and six (40%) were about myocardial infarction. The mean RQS was 9.9 ± 7.3 (27.4% of the ideal score of 36), and the basic adherence rate was 44.6%. Fourteen (93.3%) and nine (60%) studies performed feature selection and validation, but only two (13.3%) of them performed external validation. Two studies (13.3%) were prospective, and only o",10.1007/s00330-021-08429-0,https://pubmed.ncbi.nlm.nih.gov/34981135/,34981135,triPod_AI_era=pre-2024 | overall_calib=1 | subgroup_interval=0 | dual_overlap=0
32680829,Risk Prediction Models for Kidney Cancer: A Systematic Review.,Harrison Hannah; Thompson Rachel E; Lin Zhiyuan; Rossi Sabrina H; Stewart Grant D; Griffin Simon J,European urology focus,2021,"Early detection of kidney cancer improves survival; however, low prevalence means that population-wide screening may be inefficient. Stratification of the population into risk categories could allow for the introduction of a screening programme tailored to individuals. This review will identify and compare published models that predict the risk of developing kidney cancer in the general population. A search identified primary research reporting or validating models predicting the risk of kidney cancer in Medline and EMBASE. After screening identified studies for inclusion, we extracted data onto a standardised form. The risk models were classified using the Transparent Reporting of a multivariable prediction model for Individual Prognosis Or Diagnosis (TRIPOD) guidelines and evaluated using the PROBAST assessment tool. The search identified 15 281 articles. Sixty-two satisfied the inclusion criteria; performance measures were provided for 11 models. Some models predicted the risk of prevalent undiagnosed disease and others future incident disease. Six of the models had been validated, two using external populations. The most commonly included risk factors were age, smoking status, ",10.1016/j.euf.2020.06.024,https://pubmed.ncbi.nlm.nih.gov/32680829/,32680829,triPod_AI_era=pre-2024 | overall_calib=0 | subgroup_interval=1 | dual_overlap=1
32600262,A conceptual framework for prognostic research.,Kent Peter; Cancelliere Carol; Boyle Eleanor; Cassidy J David; Kongsted Alice,BMC medical research methodology,2020,"Prognostic research has many important purposes, including (i) describing the natural history and clinical course of health conditions, (ii) investigating variables associated with health outcomes of interest, (iii) estimating an individual's probability of developing different outcomes, (iv) investigating the clinical application of prediction models, and (v) investigating determinants of recovery that can inform the development of interventions to improve patient outcomes. But much prognostic research has been poorly conducted and interpreted, indicating that a number of conceptual areas are often misunderstood. Recent initiatives to improve this include the Prognosis Research Strategy (PROGRESS) and the Transparent Reporting of a multivariable prediction model for Individual Prognosis or Diagnosis (TRIPOD) Statement. In this paper, we aim to show how different categories of prognostic research relate to each other, to differentiate exploratory and confirmatory studies, discuss moderators and mediators, and to show how important it is to understand study designs and the differences between prediction and causation. We propose that there are four main objectives of prognostic stud",10.1186/s12874-020-01050-7,https://pubmed.ncbi.nlm.nih.gov/32600262/,32600262,triPod_AI_era=pre-2024 | overall_calib=1 | subgroup_interval=0 | dual_overlap=1
40589901,Development and validation of a diagnostic prediction model for heart failure-related pleural effusions: the BANCA score.,Porcel José M; Trujillano Javier; Porcel Laura; Esquerda Aureli; Bielsa Silvia,ERJ open research,2025,"Heart failure (HF) is a common cause of pleural effusion (PE); however, its diagnosis can be challenging owing to overlapping clinical features with other causes. Measuring N-terminal pro-brain natriuretic peptide (NT-proBNP) levels is diagnostically useful, but the optimal cut-off point must be determined. This study aimed to optimise NT-proBNP cut-offs for diagnosing HF-related PEs and develop a scoring model to improve diagnostic precision. A retrospective analysis was conducted on 2005 patients with PEs, who were divided into derivation and validation cohorts. Receiver operating characteristic curve analysis identified the optimal cut-off point for NT-proBNP in pleural fluid and serum. A scoring system was developed based on logistic regression (TRIPOD statement) that included both clinical and laboratory variables. Its diagnostic accuracy was compared with that of existing methods using the area under the curve (AUC). NT-proBNP ≥2500 pg·mL-1 was found to be the optimal cut-off for identifying HF-related effusions. Pleural fluid NT-proBNP levels tended to have superior diagnostic accuracy compared with serum NT-proBNP levels. A scoring system, denominated as BANCA (bilateral ef",10.1183/23120541.01030-2024,https://pubmed.ncbi.nlm.nih.gov/40589901/,40589901,triPod_AI_era=2024-2025 | overall_calib=1 | subgroup_interval=1 | dual_overlap=0
38736145,Development and validation of a nomogram for predicting high-burnout risk in nurses.,Ning Meng; Chen Zengyu; Yang Jiaxin; Li Xuting; Yu Qiang; Huang Chongmei,Journal of clinical nursing,2025,"To develop a predictive model for high-burnout of nurses. A cross-sectional study. This study was conducted using an online survey. Data were collected by the Chinese Maslach Burnout Inventory-General Survey (CMBI-GS) and self-administered questionnaires that included demographic, behavioural, health-related, and occupational variables. Participants were randomly divided into a development set and a validation set. In the development set, multivariate logistic regression analysis was conducted to identify factors associated with high-burnout risk, and a nomogram was constructed based on significant contributing factors. The discrimination, calibration, and clinical practicability of the nomogram were evaluated in both the development and validation sets using receiver operating characteristic (ROC) curve analysis, Hosmer-Lemeshow test, and decision curve analysis, respectively. Data analysis was performed using Stata 16.0 software. A total of 2750 nurses from 23 provinces of mainland China responded, with 1925 participants (70%) in a development set and 825 participants (30%) in a validation set. Workplace violence, shift work, working time per week, depression, stress, self-report",10.1111/jocn.17210,https://pubmed.ncbi.nlm.nih.gov/38736145/,38736145,triPod_AI_era=2024-2025 | overall_calib=0 | subgroup_interval=0 | dual_overlap=0
41258421,Construction and validation of a risk prediction model for complications in patients with acute leukemia based on machine learning.,Xu Rong; Tian Hong; Zhao Sufang; Gu Shulan,Scientific reports,2025,"Early-phase severe complications remain a major cause of morbidity and mortality during induction chemotherapy for acute leukaemia. Existing risk scores capture only limited prognostic variance and are rarely well-calibrated for clinical decision support. To develop and externally validate a machine-learning model that accurately predicts severe complications after induction, and to assess its clinical utility across key patient sub-groups. We retrospectively assembled electronic-health-record data from three tertiary haematology centres (2013-2024). After exclusion of duplicates and predefined ineligible cases, 2 870 adults with newly diagnosed AML or ALL were analysed (derivation = 2 009; external validation = 861). Forty-two candidate predictors spanning demographics, comorbidity indices, baseline laboratory values, disease biology and treatment logistics were selected via multiple imputation, Winsorised z-scaling and correlation filtering. Five supervised algorithms-including Elastic-Net, Random Forest, XGBoost, LightGBM and a multilayer perceptron-were trained using nested 5-fold cross-validation. Discrimination, calibration, decision-curve net benefit and SHAP-based interpret",10.1038/s41598-025-24478-7,https://pubmed.ncbi.nlm.nih.gov/41258421/,41258421,triPod_AI_era=2024-2025 | overall_calib=1 | subgroup_interval=0 | dual_overlap=0
37208863,Implementation frameworks for end-to-end clinical AI: derivation of the SALIENT framework.,van der Vegt Anton H; Scott Ian A; Dermawan Krishna; Schnetler Rudolf J; Kalke Vikrant R; Lane Paul J,Journal of the American Medical Informatics Association : JAMIA,2023,"To derive a comprehensive implementation framework for clinical AI models within hospitals informed by existing AI frameworks and integrated with reporting standards for clinical AI research. (1) Derive a provisional implementation framework based on the taxonomy of Stead et al and integrated with current reporting standards for AI research: TRIPOD, DECIDE-AI, CONSORT-AI. (2) Undertake a scoping review of published clinical AI implementation frameworks and identify key themes and stages. (3) Perform a gap analysis and refine the framework by incorporating missing items. The provisional AI implementation framework, called SALIENT, was mapped to 5 stages common to both the taxonomy and the reporting standards. A scoping review retrieved 20 studies and 247 themes, stages, and subelements were identified. A gap analysis identified 5 new cross-stage themes and 16 new tasks. The final framework comprised 5 stages, 7 elements, and 4 components, including the AI system, data pipeline, human-computer interface, and clinical workflow. This pragmatic framework resolves gaps in existing stage- and theme-based clinical AI implementation guidance by comprehensively addressing the what (component",10.1093/jamia/ocad088,https://pubmed.ncbi.nlm.nih.gov/37208863/,37208863,triPod_AI_era=pre-2024 | overall_calib=1 | subgroup_interval=1 | dual_overlap=1
40830779,Development and validation of a decision tree model for prediction of insomnia risk among ischemic stroke convalescence patients.,Sun Xuefeng; Wang Zilin; Song Yuqing; Cong Deyu; Sun Shu; Zhang Xinye,BMC public health,2025,"Insomnia is a common complication in ischemic stroke convalescence (ISC) patients. While the interaction of clinical, psychological, and social factors remains unclear, developing a predictive model system is urgently needed. Currently, few studies have established insomnia risk prediction models. To construct a decision tree model for insomnia risk among ISC patients based on the classification and regression tree algorithm. Across-sectional study. China. The study enrolled 823 adult ISC patients between February 2023 and October 2024. Participants were recruited from stroke units in two tertiary hospitals in Jilin Province. Following the TRIPOD+AI guidelines, we constructed a decision tree model utilizing data from the Pittsburgh Sleep Quality Index (PSQI), Fatigue Severity Scale (FSS), Social Support Scale (SSRS), and other assessment tools. Model validation encompassed 10-fold cross-validation, incorporating confusion matrix, ROC curves, calibration curve, and Brier scores. The model was trained on 623 patients and externally validated on an independent cohort of 200 cases. The study revealed an insomnia prevalence of 37.72%camong ISC patients. Univariate analysis identified BM",10.1186/s12889-025-24025-z,https://pubmed.ncbi.nlm.nih.gov/40830779/,40830779,triPod_AI_era=2024-2025 | overall_calib=0 | subgroup_interval=0 | dual_overlap=0
40938905,Integration of wearable devices and artificial intelligence in Alzheimer's disease: A scoping review protocol.,Qi Wenhao; Shi Yankai; Shen Shiying; Wang Bingsheng; Zhang Shuai; Kang Junling,PloS one,2025,"The incidence of Alzheimer's disease (AD) continues to rise, and predictive models combining artificial intelligence (AI) with wearable devices offer a new approach for its detection and diagnosis. Existing reviews remain focused on traditional biomarkers, making it necessary to supplement the evidence in this field, particularly given the rapid advancements in wearable and AI technologies. The scoping review protocol aims to systematically evaluate AI-based predictive models using wearable devices for AD, with a focus on their measurement outcomes and model development processes. The review will follow the Arksey and O'Malley framework and incorporate PRISMA-ScR guidelines. This study will search multiple databases, including Web of Science, Cochrane Library, and PubMed, covering relevant gray literature. The quality of the included studies will be rigorously assessed using the Prediction Model Risk of Bias Assessment Tool (PROBAST) and Transparent Reporting of a Multivariable Prediction Model for Individual Prognosis or Diagnosis (TRIPOD) checklists. Two independent reviewers will conduct title and abstract screening, retrieve and assess full-text evidence sources, and extract da",10.1371/journal.pone.0331129,https://pubmed.ncbi.nlm.nih.gov/40938905/,40938905,triPod_AI_era=2024-2025 | overall_calib=1 | subgroup_interval=1 | dual_overlap=0
39888094,Development and Validation of a Prediction Model for Enteral Feeding Intolerance in Critical Ill Patients: A Retrospective Cohort Study.,Liu Lijie; Li Jin; Hu Liting; Cai Xiaowei; Li Xiaoyan; Bai Yang,Journal of clinical nursing,2025,"To construct and validate a prediction model for enteral feeding intolerance in critically ill patients during the first 7 days of enteral feeding. A retrospective cohort study. We reviewed the medical records of two intensive care units from January 2015 to August 2023, to develop a prediction model by univariate analysis and logistic regression analysis. Model's performance was evaluated through discrimination, calibration and decision curve analysis. This study involved a total of 471 patients, with an enteral feeding intolerance incidence rate of 35.7%. The prediction model comprised six variables, namely neurological disease, chronic gastrointestinal disease, Acute Physiological and Chronic Health Assessment II score, sedatives, acid suppressants and serum albumin. The model showed robust discrimination, calibration and clinical net benefit, indicating significant potential for practical application with readily available variables. The model demonstrated strong predictive performance in assessing the risk of enteral feeding intolerance during the early stage of nutrition initiation. Enhancing clinicians' capacity to reduce the incidence of enteral feeding intolerance and impr",10.1111/jocn.17660,https://pubmed.ncbi.nlm.nih.gov/39888094/,39888094,triPod_AI_era=2024-2025 | overall_calib=1 | subgroup_interval=0 | dual_overlap=0
36878154,Quality assessment of stroke radiomics studies: Promoting clinical application.,Sohn Beomseok; Won So Yeon,European journal of radiology,2023,"To evaluate the quality of radiomics studies on stroke using a radiomics quality score (RQS), Minimum Information for Medial AI reporting (MINIMAR) and Transparent Reporting of a multivariable prediction model for Individual Prognosis Or Diagnosis (TRIPOD) to promote clinical application. PubMed MEDLINE and Embase were searched to identify radiomics studies on stroke. Of 464 articles, 52 relevant original research articles were included. The RQS, MINIMAR and TRIPOD were scored to evaluate the quality of the studies by neuroradiologists. Only four studies (7.7 %) performed external validation. The mean RQS was 3.2 of 36 (8.9 %), and the basic adherence rate was 24.9 %. The adherence rate was low for conducting phantom study (1.9 %), stating comparison to 'gold standard' (1.9 %), offering potential clinical utility (13.5 %) and performing cost-effectiveness analysis (1.9 %). None of the studies performed a test-retest, stated biologic correlation, conducted prospective studies, or opened codes and data to the public, resulting in low RQS. The total MINIMAR adherence rate was 47.4 %. The overall adherence rate for TRIPOD was 54.6 %, with low scores for reporting the title (2.0 %), key",10.1016/j.ejrad.2023.110752,https://pubmed.ncbi.nlm.nih.gov/36878154/,36878154,triPod_AI_era=pre-2024 | overall_calib=0 | subgroup_interval=1 | dual_overlap=1
41085202,Performance of diabetes risk prediction models: a systematic review and meta-analysis.,Li Meichen; Tan Aowei; Song Linjie; Qiu Xingying; Zhou Li; Wen Zehuai,Endocrine connections,2025,"Type 2 diabetes mellitus (T2DM) poses a significant global public health burden, where early detection of at-risk populations is imperative for implementing targeted preventive strategies. This systematic review and meta-analysis aimed to evaluate the methodological quality and predictive performance of existing T2DM risk prediction models in screening contexts. Following the TRIPOD-SRMA statement, eligible studies were selected through searching seven databases (CNKI, WanFang Database, VIP, PubMed, Embase, Web of Science, and the Cochrane Library) from database inception through December 2024. Methodological quality was assessed using the PROBAST tool. Random-effects models synthesized discrimination (AUC). Subgroup analyses explored geographic, modeling, and validation-related heterogeneity. Funnel plots and Egger's regression test assessed small-study effects. A total of 65 studies (encompassing 97 distinct prediction models) were included in the analysis. Among 97 models, logistic regression dominated (97.9% of models), achieving moderate discrimination (AUC: 0.628-0.916), while machine learning (ML) models showed marginally higher AUCs (up to 0.998). Geographic and cohort disp",10.1530/EC-25-0353,https://pubmed.ncbi.nlm.nih.gov/41085202/,41085202,triPod_AI_era=2024-2025 | overall_calib=1 | subgroup_interval=0 | dual_overlap=0
40725875,Risk prediction models for heart failure after myocardial infarction: A systematic review.,Shang Hang; Wang Jiankang; Cong Yunmiao; Chen Hao; Cui Yingzi; Guo Jiajuan,Medicine,2025,"This study aimed to evaluate systematically the risk prediction model for heart failure after myocardial infarction, assess its prediction performance and effect, and provide a reference basis for clinical practice and scientific research. Computerized searches of CNKI, WanFang Data, China Science and Technology Journal Database (VIP), China Biology Medicine Database, PubMed, Web of Science, Cochrane Library, Embase, and other databases were performed to retrieve all studies on risk prediction models for heart failure after myocardial infarction from the time of library construction to June 1, 2023. Two researchers independently screened the literature, extracted the information, and evaluated the risk of bias in the included studies. A total of 28 studies were included, of which 25 were retrospective and 3 were prospective, all conducted in China and in patients with acute myocardial infarction. Twenty-two studies were modeled using logistic regression, 5 studies were modeled using Cox regression, and 1 study was modeled using full-subset regression. Twenty-eight studies had an area under the work characteristic curve of the subjects or a C-statistic between 0.6 and 0.9, and only ",10.1097/MD.0000000000043480,https://pubmed.ncbi.nlm.nih.gov/40725875/,40725875,triPod_AI_era=2024-2025 | overall_calib=1 | subgroup_interval=0 | dual_overlap=0
34513751,Reporting and Performance of Hepatocellular Carcinoma Risk Prediction Models: Based on TRIPOD Statement and Meta-Analysis.,Yang Liuqing; Wang Qiang; Cui Tingting; Huang Jinxin; Jin Hui,Canadian journal of gastroenterology & hepatology,2021,"The performance of risk prediction models for hepatocellular carcinoma (HCC) in patients with chronic hepatitis B (CHB) was uncertain. The aim of the study was to critically evaluate the reports of transparent and external validation performances of these prediction models based on system review and meta-analysis. A systematic search of the Web of Science and PubMed was performed for studies published until October 17, 2020. The transparent reporting of a multivariable prediction model for the individual prognosis or diagnosis (TRIPOD) tool was used to critically evaluate the quality of external validation reports for six models (CU-HCC, GAG-HCC, PAGE-B, mPAGE-B, REACH-B, and mREACH-B). The area under the receiver operator characteristic curve (AUC) values was to estimate the pooled external validating performance based on meta-analysis. Subgroup analysis and metaregression were also performed to explore heterogeneity. Our meta-analysis included 22 studies published between 2011 and 2020. The compliance of the included studies to TRIPOD ranged from 59% to 90% (median, 74%; interquartile range (IQR), 70%, 79%). The AUC values of the six models ranged from 0.715 to 0.778. In the anti",10.1155/2021/9996358,https://pubmed.ncbi.nlm.nih.gov/34513751/,34513751,triPod_AI_era=pre-2024 | overall_calib=0 | subgroup_interval=0 | dual_overlap=0
35326526,Machine Learning Applications for Differentiation of Glioma from Brain Metastasis-A Systematic Review.,Jekel Leon; Brim Waverly R; von Reppert Marc; Staib Lawrence; Cassinelli Petersen Gabriel; Merkaj Sara,Cancers,2022,"Glioma and brain metastasis can be difficult to distinguish on conventional magnetic resonance imaging (MRI) due to the similarity of imaging features in specific clinical circumstances. Multiple studies have investigated the use of machine learning (ML) models for non-invasive differentiation of glioma from brain metastasis. Many of the studies report promising classification results, however, to date, none have been implemented into clinical practice. After a screening of 12,470 studies, we included 29 eligible studies in our systematic review. From each study, we aggregated data on model design, development, and best classifiers, as well as quality of reporting according to the TRIPOD statement. In a subset of eligible studies, we conducted a meta-analysis of the reported AUC. It was found that data predominantly originated from single-center institutions (n = 25/29) and only two studies performed external validation. The median TRIPOD adherence was 0.48, indicating insufficient quality of reporting among surveyed studies. Our findings illustrate that despite promising classification results, reliable model assessment is limited by poor reporting of study design and lack of algo",10.3390/cancers14061369,https://pubmed.ncbi.nlm.nih.gov/35326526/,35326526,triPod_AI_era=pre-2024 | overall_calib=1 | subgroup_interval=0 | dual_overlap=0
35026997,Completeness of reporting of clinical prediction models developed using supervised machine learning: a systematic review.,Andaur Navarro Constanza L; Damen Johanna A A; Takada Toshihiko; Nijman Steven W J; Dhiman Paula; Ma Jie,BMC medical research methodology,2022,"While many studies have consistently found incomplete reporting of regression-based prediction model studies, evidence is lacking for machine learning-based prediction model studies. We aim to systematically review the adherence of Machine Learning (ML)-based prediction model studies to the Transparent Reporting of a multivariable prediction model for Individual Prognosis Or Diagnosis (TRIPOD) Statement. We included articles reporting on development or external validation of a multivariable prediction model (either diagnostic or prognostic) developed using supervised ML for individualized predictions across all medical fields. We searched PubMed from 1 January 2018 to 31 December 2019. Data extraction was performed using the 22-item checklist for reporting of prediction model studies ( www.TRIPOD-statement.org ). We measured the overall adherence per article and per TRIPOD item. Our search identified 24,814 articles, of which 152 articles were included: 94 (61.8%) prognostic and 58 (38.2%) diagnostic prediction model studies. Overall, articles adhered to a median of 38.7% (IQR 31.0-46.4%) of TRIPOD items. No article fully adhered to complete reporting of the abstract and very few r",10.1186/s12874-021-01469-6,https://pubmed.ncbi.nlm.nih.gov/35026997/,35026997,triPod_AI_era=pre-2024 | overall_calib=1 | subgroup_interval=0 | dual_overlap=0
36749371,Quality of radiomics for predicting microvascular invasion in hepatocellular carcinoma: a systematic review.,Yuan Enyu; Chen Yuntian; Song Bin,European radiology,2023,"To comprehensively evaluate the reporting quality, risk of bias, and radiomics methodology quality of radiomics models for predicting microvascular invasion in hepatocellular carcinoma. A systematic search of available literature was performed in PubMed, Embase, Web of Science, Scopus, and the Cochrane Library up to January 21, 2022. Studies that developed and/or validated machine learning models based on radiomics data to predict microvascular invasion in hepatocellular carcinoma were included. These studies were reviewed by two investigators and the consensus data were used for analyzing. The reporting quality, risk of bias, and radiomics methodological quality were evaluated by Transparent Reporting of a multivariable prediction model for Individual Prognosis or Diagnosis (TRIPOD), Prediction model Risk of Bias Assessment Tool, and Radiomics Quality Score (RQS), respectively. A total of 30 studies met eligibility criteria with 24 model developing studies and 6 model developing and external validation studies. The median overall TRIPOD adherence was 75.4% (range 56.7-94.3%). All studies were at high risk of bias with at least 2 of 20 sources of bias. Furthermore, 28 studies showe",10.1007/s00330-023-09414-5,https://pubmed.ncbi.nlm.nih.gov/36749371/,36749371,triPod_AI_era=pre-2024 | overall_calib=0 | subgroup_interval=0 | dual_overlap=0
40891023,Development and Validation of a Machine Learning-Based Risk Prediction Model for Delirium in Older Inpatients: A Prospective Cohort Study.,Zhou Xu-Hua; Duan Di-Fei; Zhang Meng; Liu Shuang; Lv Jing; Wang Yi,Journal of advanced nursing,2026,"To develop and validate a machine learning-based risk prediction model for delirium in older inpatients. A prospective cohort study. A prospective cohort study was conducted. Eighteen clinical features were prospectively collected from electronic medical records during hospitalisation to inform the model. Four machine learning algorithms were employed to develop and validate risk prediction models. The performance of all models in the training and test sets was evaluated using a combination of the area under the receiver operating characteristic curve (AUC), accuracy, sensitivity, Brier score, and other metrics before selecting the best model for SHAP interpretation. A total of 973 older inpatient data were utilised for model construction and validation. The AUC of four machine learning models in the training and test sets ranged from 0.869 to 0.992; the accuracy ranged from 0.931 to 0.962; and the sensitivity ranged from 0.564 to 0.997. Compared to other models, the Random Forest model exhibited the best overall performance with an AUC of 0.908 (95% CI, 0.848, 0.968), an accuracy of 0.935, a sensitivity of 0.992, and a Brier score of 0.053. The machine learning model we developed ",10.1111/jan.70154,https://pubmed.ncbi.nlm.nih.gov/40891023/,40891023,triPod_AI_era=2024-2025 | overall_calib=1 | subgroup_interval=1 | dual_overlap=0
41858761,Development and internal-external validation of a risk prediction model for acute pain after HAIC for patients with liver cancer using logistic regression and XGBoost algorithm.,Cao Jiacheng; Gong Yina; Wang Fan; Zhang Jiayang; Chen Chunyan; Cao Jiawei,Asia-Pacific journal of oncology nursing,2026,"To develop a clinical model for the early prediction of moderate-to-severe pain after Hepatic Artery Infusion Chemotherapy (HAIC) in liver cancer patients using XGBoost algorithm and then compare its prediction capacity with the logistic model. A multicenter cohort study presented according to TRIPOD + AI statement, which was conducted in 3 tertiary hospitals in Shanghai from May 2022 to June 2024. Lasso regression was used to screen for risk factors. Logistic regression and XGBoost algorithm were tested and compared by Brier, area under the curve (AUC), calibration curve, Hosmer-Lemeshow test, intercept and slope, and decision curve analysis (DCA). The study included 1303 patients, with 725 for model development, 578 for external validation. In the XGBoost model, the top 3 most important variables were oxaliplatin dosage, initial HAIC treatment and age. XGBoost model and logistic regression model showed discriminative ability with AUC values of 0.729, 0.714, 0.707 and 0.722, 0.715, 0.684 in the modeling, internal validation, and external validation sets, respectively. The calibration and decision curve analyses of both models showed favorable results in both modeling and validatio",10.1016/j.apjon.2026.100923,https://pubmed.ncbi.nlm.nih.gov/41858761/,41858761,triPod_AI_era=2024-2025 | overall_calib=1 | subgroup_interval=0 | dual_overlap=0
39010044,Development and validation of a model to predict ceiling of care in COVID-19 hospitalized patients.,Pallarès N; Inouzhe H; Straw S; Safdar N; Fernández D; Cortés J,BMC palliative care,2024,"Therapeutic ceiling of care is the maximum level of care deemed appropiate to offer to a patient based on their clinical profile and therefore their potential to derive benefit, within the context of the availability of resources. To our knowledge, there are no models to predict ceiling of care decisions in COVID-19 patients or other acute illnesses. We aimed to develop and validate a clinical prediction model to predict ceiling of care decisions using information readily available at the point of hospital admission. We studied a cohort of adult COVID-19 patients who were hospitalized in 5 centres of Catalonia between 2020 and 2021. All patients had microbiologically proven SARS-CoV-2 infection at the time of hospitalization. Their therapeutic ceiling of care was assessed at hospital admission. Comorbidities collected at hospital admission, age and sex were considered as potential factors for predicting ceiling of care. A logistic regression model was used to predict the ceiling of care. The final model was validated internally and externally using a cohort obtained from the Leeds Teaching Hospitals NHS Trust. The TRIPOD Checklist for Prediction Model Development and Validation fro",10.1186/s12904-024-01490-8,https://pubmed.ncbi.nlm.nih.gov/39010044/,39010044,triPod_AI_era=2024-2025 | overall_calib=0 | subgroup_interval=0 | dual_overlap=0
39178283,Using machine learning methods to predict all-cause somatic hospitalizations in adults: A systematic review.,Askar Mohsen; Tafavvoghi Masoud; Småbrekke Lars; Bongo Lars Ailo; Svendsen Kristian,PloS one,2024,"In this review, we investigated how Machine Learning (ML) was utilized to predict all-cause somatic hospital admissions and readmissions in adults. We searched eight databases (PubMed, Embase, Web of Science, CINAHL, ProQuest, OpenGrey, WorldCat, and MedNar) from their inception date to October 2023, and included records that predicted all-cause somatic hospital admissions and readmissions of adults using ML methodology. We used the CHARMS checklist for data extraction, PROBAST for bias and applicability assessment, and TRIPOD for reporting quality. We screened 7,543 studies of which 163 full-text records were read and 116 met the review inclusion criteria. Among these, 45 predicted admission, 70 predicted readmission, and one study predicted both. There was a substantial variety in the types of datasets, algorithms, features, data preprocessing steps, evaluation, and validation methods. The most used types of features were demographics, diagnoses, vital signs, and laboratory tests. Area Under the ROC curve (AUC) was the most used evaluation metric. Models trained using boosting tree-based algorithms often performed better compared to others. ML algorithms commonly outperformed tra",10.1371/journal.pone.0309175,https://pubmed.ncbi.nlm.nih.gov/39178283/,39178283,triPod_AI_era=2024-2025 | overall_calib=1 | subgroup_interval=0 | dual_overlap=0
36431165,Modeling Physiological Predictors of Running Velocity for Endurance Athletes.,Wiecha Szczepan; Kasiak Przemysław Seweryn; Cieśliński Igor; Maciejczyk Marcin; Mamcarz Artur; Śliż Daniel,Journal of clinical medicine,2022,"Background: Properly performed training is a matter of importance for endurance athletes (EA). It allows for achieving better results and safer participation. Recently, the development of machine learning methods has been observed in sports diagnostics. Velocity at anaerobic threshold (VAT), respiratory compensation point (VRCP), and maximal velocity (Vmax) are the variables closely corresponding to endurance performance. The primary aims of this study were to find the strongest predictors of VAT, VRCP, Vmax, to derive and internally validate prediction models for males (1) and females (2) under TRIPOD guidelines, and to assess their machine learning accuracy. Materials and Methods: A total of 4001 EA (nmales = 3300, nfemales = 671; age = 35.56 ± 8.12 years; BMI = 23.66 ± 2.58 kg·m-2; VO2max = 53.20 ± 7.17 mL·min-1·kg-1) underwent treadmill cardiopulmonary exercise testing (CPET) and bioimpedance body composition analysis. XGBoost was used to select running performance predictors. Multivariable linear regression was applied to build prediction models. Ten-fold cross-validation was incorporated for accuracy evaluation during internal validation. Results: Oxygen uptake, blood lactate",10.3390/jcm11226688,https://pubmed.ncbi.nlm.nih.gov/36431165/,36431165,triPod_AI_era=pre-2024 | overall_calib=1 | subgroup_interval=0 | dual_overlap=0
26767405,Systematic review of risk prediction models for falls after stroke.,Walsh Mary E; Horgan N Frances; Walsh Cathal D; Galvin Rose,Journal of epidemiology and community health,2016,"Falls are a significant cause of morbidity after stroke. The aim of this review was to identify, critically appraise and summarise risk prediction models for the occurrence of falling after stroke. A systematic literature search was conducted in December 2014 and repeated in June 2015. Studies that used multivariable analysis to build risk prediction models for falls early after stroke were included. 2 reviewers independently assessed methodological quality. Data relating to model calibration, discrimination (C-statistic) and clinical utility (sensitivity and specificity) were extracted. A narrative review of models was conducted. PROSPERO reference: CRD42014015612. The 12 included articles presented 18 risk prediction models. 7 studies predicted falls among inpatients only and 5 recorded falls in the community. Methodological quality was variable. A C-statistic was reported for 7 models and values ranged from 0.62 to 0.87. Models for use in the inpatient setting most frequently included measures of hemi-inattention, while those predicting community events included falls (or near-falls) history and balance measures most commonly. Only 2 studies reported any form of validation, and ",10.1136/jech-2015-206475,https://pubmed.ncbi.nlm.nih.gov/26767405/,26767405,triPod_AI_era=pre-2024 | overall_calib=0 | subgroup_interval=0 | dual_overlap=0
35585563,Quality and transparency of reporting derivation and validation prognostic studies of recurrent stroke in patients with TIA and minor stroke: a systematic review.,Abdulaziz Kasim E; Perry Jeffrey J; Yadav Krishan; Dowlatshahi Dar; Stiell Ian G; Wells George A,Diagnostic and prognostic research,2022,"Clinical prediction models/scores help clinicians make optimal evidence-based decisions when caring for their patients. To critically appraise such prediction models for use in a clinical setting, essential information on the derivation and validation of the models needs to be transparently reported. In this systematic review, we assessed the quality of reporting of derivation and validation studies of prediction models for the prognosis of recurrent stroke in patients with transient ischemic attack or minor stroke. MEDLINE and EMBASE databases were searched up to February 04, 2020. Studies reporting development or validation of multivariable prognostic models predicting recurrent stroke within 90 days in patients with TIA or minor stroke were included. Included studies were appraised for reporting quality and conduct using a select list of items from the Transparent Reporting of a Multivariable Prediction Model for Individual Prognosis or Diagnosis (TRIPOD) Statement. After screening 7026 articles, 60 eligible articles were retained, consisting of 100 derivation and validation studies of 27 unique prediction models. Four models were newly derived while 23 were developed by validat",10.1186/s41512-022-00123-z,https://pubmed.ncbi.nlm.nih.gov/35585563/,35585563,triPod_AI_era=pre-2024 | overall_calib=1 | subgroup_interval=0 | dual_overlap=0
38726948,Systematic Review of Prognosis Models in Predicting Tooth Loss in Periodontitis.,Chow D Y; Tay J R H; Nascimento G G,Journal of dental research,2024,"This study reviews and appraises the methodological and reporting quality of prediction models for tooth loss in periodontitis patients, including the use of regression and machine learning models. Studies involving prediction modeling for tooth loss in periodontitis patients were screened. A search was performed in MEDLINE via PubMed, Embase, and CENTRAL up to 12 February 2022, with citation chasing. Studies exploring model development or external validation studies for models assessing tooth loss in periodontitis patients for clinical use at any time point, with all prediction horizons in English, were considered. Studies were excluded if models were not developed for use in periodontitis patients, were not developed or validated on any data set, predicted outcomes other than tooth loss, or were prognostic factor studies. The CHARMS checklist was used for data extraction, TRIPOD to assess reporting quality, and PROBAST to assess the risk of bias. In total, 4,661 records were screened, and 45 studies were included. Only 26 studies reported any kind of performance measure. The median C-statistic reported was 0.671 (range, 0.57-0.97). All studies were at a high risk of bias due to i",10.1177/00220345241237448,https://pubmed.ncbi.nlm.nih.gov/38726948/,38726948,triPod_AI_era=2024-2025 | overall_calib=1 | subgroup_interval=1 | dual_overlap=1
40447991,Development with external validation of a prediction model for postoperative acute kidney injury following noncardiac surgery in elderly patients.,Zhang Xiaoying; Ruan Xianghan; Yu Yao; Sun Tongyan; Zhang Jiaqiang; Cong Xuhui,BMC geriatrics,2025,"To develop and externally validate a risk prediction model for postoperative acute kidney injury (PO-AKI) in elderly patients undergoing noncardiac surgery, addressing the current gap in predictive tools for this vulnerable population. A multicenter retrospective cohort study presented according to TRIPOD + AI statement. Conducted in 21 tertiary hospitals across 11 provinces in China from January 2009 to April 2022. Elderly patients (≥ 65 years) undergoing noncardiac procedures. The endpoint was PO-AKI within seven days post-surgery, diagnosed using the KDIGO criteria. Data were extracted from electronic medical records for model derivation and validation. The study included 163,131 elderly patients, with 52,494 for model discovery, 7,899 and 80,641 for external validation. The model incorporated nine variables: age, heart disease history, preoperative hyponatremia, renal surgery (yes/no), surgery type, surgery duration, intraoperative diuretics usage, first-aid vasopressors usage, and blood transfusion. The model demonstrated acceptable discriminative ability with AUROC values of 0.803, 0.793, 0.770, and 0.774 across the training, internal validation, and two external validation d",10.1186/s12877-025-06023-3,https://pubmed.ncbi.nlm.nih.gov/40447991/,40447991,triPod_AI_era=2024-2025 | overall_calib=0 | subgroup_interval=0 | dual_overlap=0
39395856,Machine Learning for Prediction of Postoperative Delirium in Adult Patients: A Systematic Review and Meta-analysis.,Chen Hao; Yu Dongdong; Zhang Jing; Li Jianli,Clinical therapeutics,2024,"This meta-analysis aimed to evaluate the performance of machine learning (ML) models in predicting postoperative delirium (POD) and to provide guidance for clinical application. PubMed, Embase, Cochrane Library, and Web of Science databases were searched from inception to April 29, 2024. Studies reported ML models for predicting POD in adult patients were included. Data extraction and risk of bias assessment were performed using the Transparent Reporting of a multivariable prediction model for Individual Prognosis Or Diagnosis - AI (TRIPOD-AI) and Prediction model Risk Of Bias ASsessment Tool (PROBAST) tools. Meta-analysis with the area under the curve (AUC) was performed using MedCalc software. A total of 23 studies were included after screening. Age (n = 20, 86.95%) and Random Forest (RF) (n = 24, 17.27%) were the most frequently used feature and ML algorithm, respectively. The meta-analysis showed an overall AUC of 0.792. The ensemble models (AUC = 0.805) showed better predictive performance than single models (AUC = 0.782). Additionally, considerable variations in AUC were found among different ML algorithms, with AdaBoost (AB) demonstrating good performance with AUC of 0.870. ",10.1016/j.clinthera.2024.09.013,https://pubmed.ncbi.nlm.nih.gov/39395856/,39395856,triPod_AI_era=2024-2025 | overall_calib=1 | subgroup_interval=0 | dual_overlap=1
38045217,A systematic review and meta-analysis of risk prediction models for post-thrombotic syndrome in patients with deep vein thrombosis.,Guo Xiaorong; Xu Huimin; Zhang Jiantao; Hao Bin; Yang Tao,Heliyon,2023,"This systematic review and meta-analysis aimed to systematically evaluate the prediction models for the risk of post-thrombotic syndrome (PTS) in deep vein thrombosis (DVT) patients. This systematic review and meta-analysis was guided by the Preferred Reporting Items for Systematic Reviews and Meta-analyses (PRISMA). A systematic search on the following electronic database: PubMed/MEDLINE, EMBASE, and Cochrane Library, and Chinese databases such as WANFANG and CNKI was conducted to look for relevant articles based on the research question. The risk of bias for each studies included was carried out based on Prediction Model Risk of Bias Assessment Tool (PROBAST). We identified 10 studies that developed a total of 13 clinical prediction models for PTS risk in DVT patients, 3 models were externally validated, 2 models were temporally validated. The top 5 predictors were: BMI (N = 9), Varicose vein (N = 6), Baseline Villalta Score (N = 6), Iliofemoral thrombosis (N = 5), and Age (N = 4). The high risk of bias was from the analysis domain, which the number of participants and selection of predictors often did not meet the requirements of PROBAST. A random-effects meta-analysis of C-stat",10.1016/j.heliyon.2023.e22226,https://pubmed.ncbi.nlm.nih.gov/38045217/,38045217,triPod_AI_era=pre-2024 | overall_calib=1 | subgroup_interval=0 | dual_overlap=0
38343243,Diagnostic Performance of Artificial Intelligence in Detection of Primary Malignant Bone Tumors: a Meta-Analysis.,Salehi Mohammad Amin; Mohammadi Soheil; Harandi Hamid; Zakavi Seyed Sina; Jahanshahi Ali; Shahrabi Farahani Mohammad,Journal of imaging informatics in medicine,2024,"We aim to conduct a meta-analysis on studies that evaluated the diagnostic performance of artificial intelligence (AI) algorithms in the detection of primary bone tumors, distinguishing them from other bone lesions, and comparing them with clinician assessment. A systematic search was conducted using a combination of keywords related to bone tumors and AI. After extracting contingency tables from all included studies, we performed a meta-analysis using random-effects model to determine the pooled sensitivity and specificity, accompanied by their respective 95% confidence intervals (CI). Quality assessment was evaluated using a modified version of Transparent Reporting of a Multivariable Prediction Model for Individual Prognosis or Diagnosis (TRIPOD) and Prediction Model Study Risk of Bias Assessment Tool (PROBAST). The pooled sensitivities for AI algorithms and clinicians on internal validation test sets for detecting bone neoplasms were 84% (95% CI: 79.88) and 76% (95% CI: 64.85), and pooled specificities were 86% (95% CI: 81.90) and 64% (95% CI: 55.72), respectively. At external validation, the pooled sensitivity and specificity for AI algorithms were 84% (95% CI: 75.90) and 91% ",10.1007/s10278-023-00945-3,https://pubmed.ncbi.nlm.nih.gov/38343243/,38343243,triPod_AI_era=2024-2025 | overall_calib=0 | subgroup_interval=1 | dual_overlap=1
41379769,Risk of cancer following presentation with new-onset atrial fibrillation using data from UK national databases.,Yoshimura Hiroyuki; Zakkak Nadine; Lyratzopoulos Georgios; Lip Gregory Y H; Schmidt Floriaan; Providencia Rui,"Europace : European pacing, arrhythmias, and cardiac electrophysiology : journal of the working groups on cardiac pacing, arrhythmias, and cardiac cellular electrophysiology of the European Society of Cardiology",2025,"Atrial fibrillation (AF) and cancer are both highly prevalent conditions and are known to be associated. Our aim was to identify predictors and develop models for all cancer types, in men and women, and for the four most common cancer types in the AF population using linked primary and secondary care data from the UK. We included 163 549 patients diagnosed with AF between January 1998 and May 2016, and no previous history of cancer. Following TRIPOD methodology, we developed a ridge-penalized multivariable logistic regression model to predict 1-year cancer incidence after AF diagnosis, using 70% of the data for derivation and 30% for validation. Age was associated with an increased risk across all cancer types. Socioeconomic deprivation, smoking, excessive alcohol intake, family history of cancer, chronic kidney disease, anaemia, and several cancer-related symptoms and clinical signs (e.g. rectal bleeding, loss of appetite) were associated with an increased risk in one or more cancer types. The prediction models showed moderate-to-good discrimination in the validation set, with c-statistic of 0.69 (0.68-0.70) for all cancer in men, 0.63 (0.62-0.65) for all cancer in women, 0.70 (0.",10.1093/europace/euaf319,https://pubmed.ncbi.nlm.nih.gov/41379769/,41379769,triPod_AI_era=2024-2025 | overall_calib=1 | subgroup_interval=0 | dual_overlap=0
37731636,Methodological quality of radiomic-based prognostic studies in gastric cancer: a cross-sectional study.,Jiang Tianxiang; Zhao Zhou; Liu Xueting; Shen Chaoyong; Mu Mingchun; Cai Zhaolun,Frontiers in oncology,2023,"Machine learning radiomics models are increasingly being used to predict gastric cancer prognoses. However, the methodological quality of these models has not been evaluated. Therefore, this study aimed to evaluate the methodological quality of radiomics studies in predicting the prognosis of gastric cancer, summarize their methodological characteristics and performance. The PubMed and Embase databases were searched for radiomics studies used to predict the prognosis of gastric cancer published in last 5 years. The characteristics of the studies and the performance of the models were extracted from the eligible full texts. The methodological quality, reporting completeness and risk of bias of the included studies were evaluated using the RQS, TRIPOD and PROBAST. The discrimination ability scores of the models were also compared. Out of 283 identified records, 22 studies met the inclusion criteria. The study endpoints included survival time, treatment response, and recurrence, with reported discriminations ranging between 0.610 and 0.878 in the validation dataset. The mean overall RQS value was 15.32 ± 3.20 (range: 9 to 21). The mean adhered items of the 35 item of TRIPOD checklist ",10.3389/fonc.2023.1161237,https://pubmed.ncbi.nlm.nih.gov/37731636/,37731636,triPod_AI_era=pre-2024 | overall_calib=1 | subgroup_interval=1 | dual_overlap=1
35702399,Bias and Reporting Quality of Clinical Prognostic Models for Idiopathic Pulmonary Fibrosis: A Cross-Sectional Study.,Di Jiaqi; Li Xuanlin; Yang Jingjing; Li Luguang; Yu Xueqing,Risk management and healthcare policy,2022,"This study aims to evaluate the risk of bias (ROB) and reporting quality of idiopathic pulmonary fibrosis (IPF) prediction models by assessing characteristics of these models. The development and/or validation of IPF prognostic models were identified via an electronic search of PubMed, Embase, and Web of Science (from inception to 12 August, 2021). Two researchers independently assessed the risk of bias (ROB) and reporting quality of IPF prediction models based on the Prediction model Risk Of Bias Assessment Tool (PROBAST) and Transparent Reporting of a multivariable prognostic model for Individual Prognosis or Diagnosis (TRIPOD) checklist. Twenty prognostic model studies for IPF were included, including 7 (35%) model development and external validation studies, 8 (40%) development studies, and 5 (25%) external validation studies. According to PROBAST, all studies were appraised with high ROB, because of deficient reporting in the domains of participants (45.0%) and analysis (67.3%), and at least 55% studies were susceptible to 4 of 20 sources of bias. For the reporting quality, none of them completely adhered to the TRIPOD checklist, with the lowest mean reporting score for the me",10.2147/RMHP.S357606,https://pubmed.ncbi.nlm.nih.gov/35702399/,35702399,triPod_AI_era=pre-2024 | overall_calib=0 | subgroup_interval=1 | dual_overlap=0
40700462,Machine learning in dentistry: a scoping review.,Lakhotia Shrey; Godrej Hormazd; Kaur Amandeep; Nutakki Chaitanya Sai; Mun Michelle; Eber Pascal,PLOS digital health,2025,"Artificial intelligence (AI), specifically machine learning (ML), is increasingly applied in decision-making for dental diagnosis, prognosis, and treatment. However, the methodological completeness of published models has not been rigorously assessed. We performed a scoping review of PubMed-indexed articles (English, 1 January 2018â€'31 December 2023) that used ML in any dental specialty. Each study was evaluated with the TRIPOD + AI rubric for key reporting elements such as data preprocessing, model validation, and clinical performance. Out of 1,506 identified studies, 280 met the inclusion criteria. Oral and maxillofacial radiology (27.5%), oral and maxillofacial surgery (15.0%), and general dentistry (14.3%) were the most represented specialties. Sixty-four studies (22.9%) lacked comparison with a clinical reference standard or existing model performing the same task. Most models focused on classification (59.6%), whereas generative applications were relatively rare (1.4%). Key gaps included limited assessment of model bias, poor outlier reporting, scarce calibration evaluation, low reproducibility, and restricted data access. ML could transform dental care, but robust calibrati",10.1371/journal.pdig.0000940,https://pubmed.ncbi.nlm.nih.gov/40700462/,40700462,triPod_AI_era=2024-2025 | overall_calib=1 | subgroup_interval=0 | dual_overlap=0
41291544,External validation of a web- and artificial intelligence-based HIV/STI risk assessment tool: performance evaluation using data from Sydney sexual health centre.,Latt Phyu Mon; Ray Anik; Lu Heng; Soe Nyi N; Xu Xianglong; Bao Yining,BMC infectious diseases,2025,"INTRODUCTION: HIV and sexually transmitted infections (STIs) continue to pose significant public health challenges globally. MySTIRisk, developed at Melbourne Sexual Health Centre (MSHC), is a machine learning-based tool that predicts individual risk for HIV, syphilis, gonorrhoea, and chlamydia using demographic and behavioural data. While initial validation showed promising results, external validation is crucial to assess its generalisability. This study externally validates MySTIRisk using data from the Sydney Sexual Health Centre (SSHC), Australia’s second-largest sexual health centre. METHODS: Following TRIPOD guidelines, we analysed consultations from patients aged 18 years and older attending SSHC between January 2013 and December 2023. Pre-trained MySTIRisk models were applied directly without modification. Performance was evaluated using the area under the receiver operating characteristic curve (AUC), sensitivity, and specificity at multiple thresholds, with subgroup analyses across demographic characteristics. RESULTS: We analysed 159,043 to 207,582 consultations at SSHC, depending on the specific infections tested. The median age was 30 years, and 60.2% to 68.8% of the ",10.1186/s12879-025-12087-8,https://pubmed.ncbi.nlm.nih.gov/41291544/,41291544,triPod_AI_era=2024-2025 | overall_calib=1 | subgroup_interval=0 | dual_overlap=0
39588309,Development and validation of a nomogram for predicting the risk of developing gastric cancer based on a questionnaire: a cross-sectional study.,Huang Zhangsen; Chen Songyao; Yin Songcheng; Shi Zhaowen; Gu Liang; Li Liang,Frontiers in oncology,2024,"Detection of gastric cancer (GC) at early stages is an effective strategy for decreasing mortality. This study aimed to construct a prediction nomogram based on a questionnaire to assess the risk of developing GC. Our study comprised a total of 4379 participants (2326 participants from outpatient at Fengqing People's Hospital were considered for model development and internal validation, and 2053 participants from outpatients at the endoscopy center at the Seventh Affiliated Hospital of Sun Yat-Sen University were considered for independent external validation) and gastric mucosa status was determined by endoscopy and biopsies. The eligible participants in development cohort from Fengqing people's Hospital were randomly separated into a training cohort (n=1629, 70.0%) and an internal validation cohort (n=697, 30.0%). The relevant features were selected by a least absolute shrinkage and selection operator (LASSO), and the ensuing features were evaluated through multivariable logistic regression analysis. Subsequently, the variables were selected to construct a prediction nomogram. The discriminative ability and predictive accuracy of the nomogram were evaluated by the C-index and ca",10.3389/fonc.2024.1351967,https://pubmed.ncbi.nlm.nih.gov/39588309/,39588309,triPod_AI_era=2024-2025 | overall_calib=0 | subgroup_interval=0 | dual_overlap=0
36921160,Predictive models of newborn body composition: a systematic review.,Couto Elissa de Oliveira; Marano Daniele; Amaral Yasmin Notarbartolo di Villarosa do; Moreira Maria Elisabeth Lopes,Revista paulista de pediatria : orgao oficial da Sociedade de Pediatria de Sao Paulo,2023,"To analyze the prediction models of fat-free mass and fat mass of neonates who had air displacement plethysmography as a reference test. A systematic review of studies identified in the PubMed, Virtual Health Library (BVS), SciELO, and ScienceDirect databases was carried out. The Preferred Reporting Items for Systematic Reviews and Meta-Analyses (PRISMA) checklist was used for inclusion of studies, the Transparent Reporting of a Multivariable Prediction Model for Individual Prognosis or Diagnosis (TRIPOD) report was used to select only predictive models studies, and the Prediction Model Risk of Bias Assessment Tool (PROBAST) was used to assess the risk of bias in the models. This study is registered in PROSPERO with identification CRD42020175048. Five hundred and three studies were found during the searches, and only four papers (six models) were eligible. Most studies (three) used the sum of different skinfolds to predict neonatal body fat and all presented weight as the variable with the highest contribution to predicting neonatal body composition. Two models that used skinfolds showed high coefficients of determination and explained, significantly, 81% of the body fat measured b",10.1590/1984-0462/2023/41/2020365,https://pubmed.ncbi.nlm.nih.gov/36921160/,36921160,triPod_AI_era=pre-2024 | overall_calib=1 | subgroup_interval=0 | dual_overlap=0
36018049,Quality reporting of radiomics analysis in pituitary adenomas: promoting clinical translation.,Won So Yeon; Lee Narae; Park Yae Won; Ahn Sung Soo; Ku Cheol Ryong; Kim Eui Hyun,The British journal of radiology,2022,"To evaluate the quality of radiomics studies on pituitary adenoma according to the radiomics quality score (RQS) and Transparent Reporting of a multivariable prediction model for Individual Prognosis Or Diagnosis (TRIPOD). PubMed MEDLINE and EMBASE were searched to identify radiomics studies on pituitary adenomas. From 138 articles, 20 relevant original research articles were included. Studies were scored based on RQS and TRIPOD guidelines. Most included studies did not perform pre-processing; isovoxel resampling, signal intensity normalization, and N4 bias field correction were performed in only five (25%), eight (40%), and four (20%) studies, respectively. Only two (10%) studies performed external validation. The mean RQS and basic adherence rate were 2.8 (7.6%) and 26.6%, respectively. There was a low adherence rate for conducting comparison to """"gold-standard"""" (20%), multiple segmentation (25%), and stating potential clinical utility (25%). No study stated the biological correlation, conducted a test-retest or phantom study, was a prospective study, conducted cost-effectiveness analysis, or provided open-source code and data, which resulted in low-level evidence. The overall adh",10.1259/bjr.20220401,https://pubmed.ncbi.nlm.nih.gov/36018049/,36018049,triPod_AI_era=pre-2024 | overall_calib=1 | subgroup_interval=0 | dual_overlap=0
32155505,Generalizability assessment of head and neck cancer NTCP models based on the TRIPOD criteria.,Sharabiani Marjan; Clementel Enrico; Andratschke Nicolaus; Hurkmans Coen,Radiotherapy and oncology : journal of the European Society for Therapeutic Radiology and Oncology,2020,"This review aimed to provide an overview of the level of maturity of normal tissue complication probability (NTCP) models for head and neck cancer (HNC) patients. A systematic literature review was performed to retrieve NTCP models for HNC toxicities. Patient population characteristics, NTCP model and the predictors, treatment technique and endpoint definition were extracted per article. Models were then scored based on the TRIPOD (transparent reporting of a multivariable prediction model for individual prognosis or diagnosis) consensus guidelines to evaluate their generalizability. 335 articles on photon and proton therapy of HNC were identified and 52 relevant articles were further analyzed. Eighteen articles on xerostomia and sticky saliva (TRIPOD types 1a-2b: 15; TRIPOD type 3: 1; TRIPOD types 4a: 1 & 4b:1), thirteen articles on dysphagia and tube feeding dependence (TRIPOD types 1a-2b: 7; TRIPOD type 3: 2; TRIPOD types 4a:2 & 4b:2), five articles on oral mucositis (TRIPOD types 1a-2b: 4; TRIPOD type 4b: 1), seven articles on hypothyroidism (TRIPOD types 1a-2b: 4; TRIPOD type 3: 1; TRIPOD types 4a: 1 & 4b:1), four articles on hearing loss and tinnitus (TRIPOD type 1a: 4) and te",10.1016/j.radonc.2020.02.013,https://pubmed.ncbi.nlm.nih.gov/32155505/,32155505,triPod_AI_era=pre-2024 | overall_calib=0 | subgroup_interval=1 | dual_overlap=0
34872592,Solitary pulmonary nodule malignancy predictive models applicable to routine clinical practice: a systematic review.,Senent-Valero Marina; Librero Julián; Pastor-Valero María,Systematic reviews,2021,"Solitary pulmonary nodule (SPN) is a common finding in routine clinical practice when performing chest imaging tests. The vast majority of these nodules are benign, and only a small proportion are malignant. The application of predictive models of nodule malignancy in routine clinical practice would help to achieve better diagnostic management of SPN. The present systematic review was carried out with the purpose of critically assessing studies aimed at developing predictive models of solitary pulmonary nodule (SPN) malignancy from SPN incidentally detected in routine clinical practice. We performed a search of available scientific literature until October 2020 in Pubmed, SCOPUS and Cochrane Central databases. The inclusion criteria were observational studies carried out in low-risk population from 35 years old onwards aimed at constructing predictive models of malignancy of pulmonary solitary nodule detected incidentally in routine clinical practice. Studies had to be published in peer-reviewed journals, either in Spanish, Portuguese or English. Exclusion criteria were non-human studies, or predictive models based in high-risk populations, or models based on computational approach",10.1186/s13643-021-01856-6,https://pubmed.ncbi.nlm.nih.gov/34872592/,34872592,triPod_AI_era=pre-2024 | overall_calib=1 | subgroup_interval=1 | dual_overlap=0
36528232,Minimal reporting improvement after peer review in reports of COVID-19 prediction models: systematic review.,Hudda Mohammed T; Archer Lucinda; van Smeden Maarten; Moons Karel G M; Collins Gary S; Steyerberg Ewout W,Journal of clinical epidemiology,2023,"To assess improvement in the completeness of reporting coronavirus (COVID-19) prediction models after the peer review process. Studies included in a living systematic review of COVID-19 prediction models, with both preprint and peer-reviewed published versions available, were assessed. The primary outcome was the change in percentage adherence to the transparent reporting of a multivariable prediction model for individual prognosis or diagnosis (TRIPOD) reporting guidelines between pre-print and published manuscripts. Nineteen studies were identified including seven (37%) model development studies, two external validations of existing models (11%), and 10 (53%) papers reporting on both development and external validation of the same model. Median percentage adherence among preprint versions was 33% (min-max: 10 to 68%). The percentage adherence of TRIPOD components increased from preprint to publication in 11/19 studies (58%), with adherence unchanged in the remaining eight studies. The median change in adherence was just 3 percentage points (pp, min-max: 0-14 pp) across all studies. No association was observed between the change in percentage adherence and preprint score, journal ",10.1016/j.jclinepi.2022.12.005,https://pubmed.ncbi.nlm.nih.gov/36528232/,36528232,triPod_AI_era=pre-2024 | overall_calib=1 | subgroup_interval=0 | dual_overlap=0
38105979,Artificial Intelligence and Machine Learning in Cancer Related Pain: A Systematic Review.,Salama Vivian; Godinich Brandon; Geng Yimin; Humbert-Vidan Laia; Maule Laura; Wahid Kareem A,medRxiv : the preprint server for health sciences,2023,"Pain is a challenging multifaceted symptom reported by most cancer patients, resulting in a substantial burden on both patients and healthcare systems. This systematic review aims to explore applications of artificial intelligence/machine learning (AI/ML) in predicting pain-related outcomes and supporting decision-making processes in pain management in cancer. A comprehensive search of Ovid MEDLINE, EMBASE and Web of Science databases was conducted using terms including """"Cancer"""", """"Pain"""", """"Pain Management"""", """"Analgesics"""", """"Opioids"""", """"Artificial Intelligence"""", """"Machine Learning"""", """"Deep Learning"""", and """"Neural Networks"""" published up to September 7, 2023. The screening process was performed using the Covidence screening tool. Only original studies conducted in human cohorts were included. AI/ML models, their validation and performance and adherence to TRIPOD guidelines were summarized from the final included studies. This systematic review included 44 studies from 2006-2023. Most studies were prospective and uni-institutional. There was an increase in the trend of AI/ML studies in cancer pain in the last 4 years. Nineteen studies used AI/ML for classifying cancer patients' pain developme",10.1101/2023.12.06.23299610,https://pubmed.ncbi.nlm.nih.gov/38105979/,38105979,triPod_AI_era=pre-2024 | overall_calib=0 | subgroup_interval=0 | dual_overlap=0
42312903,Prognostic prediction models for psoriatic arthritis in psoriasis: A systematic review.,Khoda Fatimah; Khan Yasmin; Haw William W Y; Nahar Sayeda; Hodkinson Claire; Chinoy Hector,Journal of the European Academy of Dermatology and Venereology : JEADV,2026,"Psoriatic arthritis is a chronic inflammatory arthropathy that affects up to 22% of individuals with psoriasis. Identifying patients at higher risk of developing this disease presents a window of opportunity for dermatologists to consider treatments that can limit its progression. This study aims to systematically identify and evaluate the predictive performance, risk of bias and reporting quality of prognostic prediction models developed to estimate the risk of psoriatic arthritis in patients with psoriasis. A systematic search was conducted across Medline, Embase, Cochrane, Web of Science, pre-print servers and grey literature, with the search completed on 15 October 2025. Data extraction was guided by the Checklist for Critical Appraisal and Data Extraction for Systematic Reviews for Prediction Modelling Studies (CHARMS). The Prediction model Risk of Bias Assessment Tool (PROBAST) and the Transparent Reporting of a multivariable prediction model for Individual Prognosis Or Diagnosis (TRIPOD-AI) were used to evaluate risk of bias and reporting, respectively. Fifteen studies were included after full-text screening, comprising of 490 models incorporating a variety of predictors. Th",10.1111/jdv.70561,https://pubmed.ncbi.nlm.nih.gov/42312903/,42312903,triPod_AI_era=2024-2025 | overall_calib=1 | subgroup_interval=0 | dual_overlap=0
32316847,"Prognostic Research in Traumatic Brain Injury: Markers, Modeling, and Methodological Principles.",Retel Helmrich Isabel R A; Lingsma Hester F; Turgeon Alexis F; Yamal Jose-Miguel; Steyerberg Ewout W,Journal of neurotrauma,2021,"Prognostic assessment in traumatic brain injury (TBI) is embedded deeply in clinical care. Considering the limitations of current prognostic indicators, there is increasing interest in understanding the role of new biomarkers, and in finding other prognostic indicators of long-term outcomes following TBI. New prognostic indicators may result in the development of more accurate prediction models that could be useful for both risk stratification and clinical decision making. We aimed to review methodological issues and provide tentative guidelines for prognostic research in TBI. Prognostic factor research focuses on the role of a specific patient or disease-related characteristic in relation to outcome. Typically, univariable relations of the prognostic factor are studied, followed by analyses adjusting for other variables related to the outcome. Following existing guidelines, we emphasize the importance of transparent reporting of patient and specimen characteristics, study design, clinical end-points, and statistical analysis. Prognostic model research considers combinations of predictors, with challenges for model specification, estimation, evaluation, validation, and presentation",10.1089/neu.2019.6708,https://pubmed.ncbi.nlm.nih.gov/32316847/,32316847,triPod_AI_era=pre-2024 | overall_calib=1 | subgroup_interval=1 | dual_overlap=1
41738596,Comprehensive assessment of postoperative metachronous liver metastasis risk in colon cancer based on inflammatory indicators: a multicenter prospective study.,Kang Boyu; Qiao Yihuan; Liu Shuai; Wang Yiqian; Bai Xuechun; Li Yunlong,"International journal of surgery (London, England)",2026,"Insidiousness is a hallmark of metachronous liver metastasis. Owing to the absence of a comprehensive machine-learning model integrating systemic inflammatory indicators for predicting metachronous liver metastasis after colon cancer surgery, and to the lack of prospective validation and interpretability, this study aimed to develop and validate a machine-learning model for predicting postoperative metachronous liver metastasis in patients with colon cancer. The variable pool of risk factors was determined through meta-analysis combined with three distinct screening approaches. The model was developed retrospectively and validated prospectively. The retrospective cohort comprised patients who underwent radical colectomy for colon cancer at X Hospital, S Hospital, and the P Hospital between 1 January 2012 and 1 January 2023. The prospective cohort included patients at X Hospital between 1 March 2023 and 1 August 2024. In the retrospective cohort, patients were randomly allocated to a training set and an internal validation set in a 7:3 ratio. Feature selection was performed using Lasso regression, multivariable logistic regression, and the Boruta random forest algorithm. The perform",10.1097/JS9.0000000000004984,https://pubmed.ncbi.nlm.nih.gov/41738596/,41738596,triPod_AI_era=2024-2025 | overall_calib=0 | subgroup_interval=0 | dual_overlap=0
42026889,Machine learning prediction of CKD progression in hyperglycemic elderly adults: a prospective community cohort study.,Zhou Zhongqing; Sheng Fei; Hou Jiazhe; Yang Jing; Xu Dongjian; Shen Zhiping,Renal failure,2026,"Hyperglycemia is a major risk factor for chronic kidney disease (CKD). This multicenter prospective study developed and validated a machine learning (ML) model to predict CKD risk in prediabetic and diabetic populations for early intervention, following TRIPOD+AI guidelines. Participants were enrolled from four communities, with three sites providing training (80%) and internal test (20%) datasets, and the fourth for external validation. Five ML algorithms were constructed, and SHapley Additive exPlanations (SHAP) was applied to interpret the optimal model. The XGBoost model showed excellent predictive performance, with AUCs of 0.905, 0.809, and 0.837 in training, internal test, and external validation sets, respectively. Serum creatinine (Scr), age, and hemoglobin (Hb) were the leading predictors, with higher Scr, older age, and lower Hb elevating CKD risk. Risk stratification (low: 0%-5%, medium: 5%-25%, high: 25%-100%) yielded distinct CKD incidences of 0.7%, 9.9%, and 55.5% (p < 0.001). An online prediction tool was further established for community screening. This validated ML model enables accurate risk prediction and stratification in hyperglycemic individuals, providing a f",10.1080/0886022X.2026.2648313,https://pubmed.ncbi.nlm.nih.gov/42026889/,42026889,triPod_AI_era=2024-2025 | overall_calib=1 | subgroup_interval=1 | dual_overlap=0
36753766,Deep learning based unpaired image-to-image translation applications for medical physics: a systematic review.,Chen Junhua; Chen Shenlun; Wee Leonard; Dekker Andre; Bermejo Inigo,Physics in medicine and biology,2023,"Purpose. There is a growing number of publications on the application of unpaired image-to-image (I2I) translation in medical imaging. However, a systematic review covering the current state of this topic for medical physicists is lacking. The aim of this article is to provide a comprehensive review of current challenges and opportunities for medical physicists and engineers to apply I2I translation in practice.Methods and materials. The PubMed electronic database was searched using terms referring to unpaired (unsupervised), I2I translation, and medical imaging. This review has been reported in compliance with the Preferred Reporting Items for Systematic Reviews and Meta-Analyses (PRISMA) statement. From each full-text article, we extracted information extracted regarding technical and clinical applications of methods, Transparent Reporting for Individual Prognosis Or Diagnosis (TRIPOD) study type, performance of algorithm and accessibility of source code and pre-trained models.Results. Among 461 unique records, 55 full-text articles were included in the review. The major technical applications described in the selected literature are segmentation (26 studies), unpaired domain ada",10.1088/1361-6560/acba74,https://pubmed.ncbi.nlm.nih.gov/36753766/,36753766,triPod_AI_era=pre-2024 | overall_calib=1 | subgroup_interval=1 | dual_overlap=0
41257634,Insights and limitations of endometrial cancer risk prediction models for clinical applicability: a systematic review.,El-Halabi Sabine; Luo Alison Zhijin; Talhouk Aline,BMC cancer,2025,"Endometrial cancer (EC) is the most common gynecologic cancer in high-income countries, with rising incidence rates. Risk prediction models can identify high-risk individuals, enabling targeted prevention and early intervention. Despite the development of several multivariable risk models aimed at stratifying EC risk, none have yet been adopted for clinical use in cancer prevention. This systematic review critically examines the performance, validation, and clinical applicability of existing EC risk prediction models. We systematically searched online search engines PubMed and Ovid MEDLINE for EC risk model publications written in English from January 1, 2000, to October 9, 2024. Studies were selected based on the inclusion of multivariable models for EC risk estimation. Data extraction focused on cohort characteristics, predictors included, validation efforts, and model performance metrics such as discrimination (C-statistics or AUROC) and calibration (E/O ratio or calibration slopes). The quality of model reporting was assessed using the TRIPOD-AI guidelines. Nine risk prediction models were identified, predominantly based on epidemiological factors, with four incorporating polyg",10.1186/s12885-025-15200-x,https://pubmed.ncbi.nlm.nih.gov/41257634/,41257634,triPod_AI_era=2024-2025 | overall_calib=0 | subgroup_interval=0 | dual_overlap=0
41438299,Machine learning-optimized metabolic biomarker panel for precision screening of early-stage pancreatic cancer in new-onset diabetes.,Jiang Weiliang; Cheng Zhiyuan; Mu Rong; Sun Haoran; Guo Zihao; Yu Guo,Frontiers in endocrinology,2025,"New-onset diabetes (NOD) represents a high-risk population for pancreatic ductal adenocarcinoma (PDAC), yet effective early detection tools for this specific subgroup remain an unmet clinical need. We conducted a prospective serum metabolomic analysis using UHPLC-MS/MS in 133 NOD patients aged >65 years, including 60 with PDAC (PDAC+NOD) and 73 without (NOD). Multivariate analysis (OPLS-DA) and machine learning approaches were employed to identify and optimize a diagnostic metabolic biomarker panel. Model performance was evaluated using a hold-out validation set following TRIPOD-ML guidelines. We identified 62 differentially expressed serum metabolites (P<0.05, FDR-corrected), primarily implicating branched-chain amino acid metabolism, bile acid biosynthesis, and sphingolipid signaling pathways. Notably, significant reductions in one-carbon metabolism-related metabolites (serine, glycine, homocysteine) were observed in PDAC+NOD patients. Feature selection yielded an optimized 5-metabolite panel comprising glycine, L-serine, L-methionine, L-homocysteine, and L-homocystine. This panel demonstrated high diagnostic accuracy with an AUC of 0.853 (95% CI: 0.786-0.920) and 75.0% accuracy ",10.3389/fendo.2025.1684608,https://pubmed.ncbi.nlm.nih.gov/41438299/,41438299,triPod_AI_era=2024-2025 | overall_calib=1 | subgroup_interval=0 | dual_overlap=0
34983096,Quality of Radiomics Research on Brain Metastasis: A Roadmap to Promote Clinical Translation.,Park Chae Jung; Park Yae Won; Ahn Sung Soo; Kim Dain; Kim Eui Hyun; Kang Seok-Gu,Korean journal of radiology,2022,"Our study aimed to evaluate the quality of radiomics studies on brain metastases based on the radiomics quality score (RQS), Transparent Reporting of a multivariable prediction model for Individual Prognosis Or Diagnosis (TRIPOD) checklist, and the Image Biomarker Standardization Initiative (IBSI) guidelines. PubMed MEDLINE, and EMBASE were searched for articles on radiomics for evaluating brain metastases, published until February 2021. Of the 572 articles, 29 relevant original research articles were included and evaluated according to the RQS, TRIPOD checklist, and IBSI guidelines. External validation was performed in only three studies (10.3%). The median RQS was 3.0 (range, -6 to 12), with a low basic adherence rate of 50.0%. The adherence rate was low in comparison to the """"gold standard"""" (10.3%), stating the potential clinical utility (10.3%), performing the cut-off analysis (3.4%), reporting calibration statistics (6.9%), and providing open science and data (3.4%). None of the studies involved test-retest or phantom studies, prospective studies, or cost-effectiveness analyses. The overall rate of adherence to the TRIPOD checklist was 60.3% and low for reporting title (3.4%), ",10.3348/kjr.2021.0421,https://pubmed.ncbi.nlm.nih.gov/34983096/,34983096,triPod_AI_era=pre-2024 | overall_calib=1 | subgroup_interval=0 | dual_overlap=0
41617898,Machine learning mortality prediction model for cyclosporine therapy in pediatric aplastic anemia.,Wen Xianhao; Xiao Li; Li Danni; Liao Meiling; Liu Yuye; Liu Qihui,Annals of hematology,2026,"The outcomes of children with aplastic anemia receiving cyclosporine monotherapy vary significantly in terms of mortality risk; therefore, a prognostic model for predicting mortality risk was constructed to optimize risk-stratified treatment strategies. This retrospective cohort study included children with acquired AA receiving cyclosporine-based immunosuppression, stratified by disease severity (vSAA/SAA/NSAA) and randomly split into training (70%) and validation (30%) cohorts. Ten machine learning models were developed; hyperparameters were optimized via grid search with 10-fold cross-validation exclusively within the training cohort to prevent data leakage. Model performance was evaluated using area under the ROC curve (AUC), accuracy, recall, specificity, precision, F1 score, and Brier score. Decision curve analysis (DCA) quantified clinical net benefit. The calibration curve was used to evaluate the reliability of the predicted probabilities. The SHapley Additive exPlanations (SHAP) framework was used to interpret feature contributions and ensure model transparency. Least absolute shrinkage and selection operator (LASSO) regression on the training cohort identified 5 predicto",10.1007/s00277-026-06842-3,https://pubmed.ncbi.nlm.nih.gov/41617898/,41617898,triPod_AI_era=2024-2025 | overall_calib=0 | subgroup_interval=0 | dual_overlap=0
35500139,Characteristics and Quality of Diagnostic and Risk Prediction Models for Frailty in Older Adults: A Systematic Review.,Gao Yinyan; Chen Yancong; Hu Mingyue; Gan Ting; Sun Xuemei; Zhang Zixuan,Journal of applied gerontology : the official journal of the Southern Gerontological Society,2022,"Several prediction models for frailty in older adults have been published, but their characteristics and methodological quality are unclear. This review aims to summarize and critically appraise the prediction models. Studies describing multivariable prediction models for frailty among older adults were included. PubMed, Embase, Web of Science, and PsycINFO were searched from outset to Feb 21, 2021. Methodological and reporting quality of included models were evaluated by PROBAST and TRIPOD, respectively. All results were descriptively summarized. Twenty articles including 39 models were identified. The included models showed good predictive discrimination with C indices ranging from 0.70 to 0.98. However, all studies except one were assessed as high risk of bias mainly due to inappropriate analysis; meanwhile, poor reporting quality was also frequently observed. Few mature prediction models can be used in practice. Researchers should pay more attention to external validation and improving the quality both in methodology and reporting.",10.1177/07334648221097084,https://pubmed.ncbi.nlm.nih.gov/35500139/,35500139,triPod_AI_era=pre-2024 | overall_calib=1 | subgroup_interval=1 | dual_overlap=0
40953872,"Developing and validating a risk prediction model for conversion to type 2 diabetes mellitus in women with a history of gestational diabetes mellitus: protocol for a population-based, data-linkage study.",Versace Vincent; Boyle Douglas; Janus Edward; Dunbar James; Feyissa Tesfaye R; Belsti Yitayeh,BMJ open,2025,"Women with gestational diabetes mellitus (GDM) are at seven-fold to ten-fold increased risk of type 2 diabetes mellitus (T2DM) when compared with those who experience a normoglycaemic pregnancy, and the cumulative incidence increases with the time of follow-up post birth. This protocol outlines the development and validation of a risk prediction model assessing the 5-year and 10-year risk of T2DM in women with a prior GDM diagnosis. Data from all birth mothers and registered births in Victoria and South Australia, retrospectively linked to national diabetes data and pathology laboratory data from 2008 to 2021, will be used for model development and validation of GDM to T2DM conversion. Candidate predictors will be selected considering existing literature, clinical significance and statistical association, including age, body mass index, parity, ethnicity, history of recurrent GDM, family history of T2DM and antenatal and postnatal glucose levels. Traditional statistical methods and machine learning algorithms will explore the best-performing and easily applicable prediction models. We will consider bootstrapping or K-fold cross-validation for internal model validation. If computati",10.1136/bmjopen-2025-106052,https://pubmed.ncbi.nlm.nih.gov/40953872/,40953872,triPod_AI_era=2024-2025 | overall_calib=1 | subgroup_interval=0 | dual_overlap=0
40845608,Transparency in Externally Validated Models: A systematic review of machine learning vs. logistic regression for predicting colorectal anastomotic leakage.,Ben Hmido Sara; Abder Rahim Houssam; Ingwersen Erik W; Burchell George; Hompes Roel; van der Peet Donald,European journal of surgical oncology : the journal of the European Society of Surgical Oncology and the British Association of Surgical Oncology,2025,"Colorectal resection carries a 2.8 %-30 % risk of anastomotic leakage. Machine learning can estimate risks and guide decisions, but clinical implementation remains inadequate due to transparency issues. This review assesses the performance and transparency of machine learning models compared to logistic regression. A systematic review followed PRISMA guidelines. Medline, Embase, Web of Science, and Cochrane databases were searched for studies using Logistic Regression or Machine Learning with external validation for colorectal anastomotic leakage prediction. Data were extracted using CHARMS, risk of bias assessed with PROBAST, and transparency with TRIPOD + AI. Ten studies were included. Machine learning models were validated on smaller cohorts than logistic regression. Transparency scores ranged from 29 % to 63 %, averaging 45 % for logistic regression and 43 % for machine learning. Reporting of missing data was inconsistent, and external validation was limited. Most studies had a high risk of bias due to small sample sizes and low event counts. In comparison to Logistic regression studies, machine learning studies are limited by small cohorts, low outcome numbers, and a lower lev",10.1016/j.ejso.2025.110367,https://pubmed.ncbi.nlm.nih.gov/40845608/,40845608,triPod_AI_era=2024-2025 | overall_calib=0 | subgroup_interval=1 | dual_overlap=0
38259313,Prediction models for major adverse cardiovascular events after percutaneous coronary intervention: a systematic review.,Deng Wenqi; Wang Dayang; Wan Yandi; Lai Sijia; Ding Yukun; Wang Xian,Frontiers in cardiovascular medicine,2023,"The number of models developed for predicting major adverse cardiovascular events (MACE) in patients undergoing percutaneous coronary intervention (PCI) is increasing, but the performance of these models is unknown. The purpose of this systematic review is to evaluate, describe, and compare existing models and analyze the factors that can predict outcomes. We adhered to the Preferred Reporting Items for Systematic Reviews and Meta-Analyses (PRISMA) 2020 during the execution of this review. Databases including Embase, PubMed, The Cochrane Library, Web of Science, CNKI, Wanfang Data, VIP, and SINOMED were comprehensively searched for identifying studies published from 1977 to 19 May 2023. Model development studies specifically designed for assessing the occurrence of MACE after PCI with or without external validation were included. Bias and transparency were evaluated by the Prediction Model Risk Of Bias Assessment Tool (PROBAST) and Transparent Reporting of a multivariate Individual Prognosis Or Diagnosis (TRIPOD) statement. The key findings were narratively summarized and presented in tables. A total of 5,234 articles were retrieved, and after thorough screening, 23 studies that me",10.3389/fcvm.2023.1287434,https://pubmed.ncbi.nlm.nih.gov/38259313/,38259313,triPod_AI_era=pre-2024 | overall_calib=1 | subgroup_interval=0 | dual_overlap=0
38465408,Development and internal validation of a prediction model for patients with hematologic diseases of fall risk: a cohort study.,Xinrui Huang; Min Xu; Min Cao; Chenyi Xu,Expert review of hematology,2024,"To develop and internally validate a prediction model for identifying patients with hematologic diseases of fall risk. This is a prospective cohort study from a prospective collection of data for 6 months. We recruited 412 patients with hematologic diseases in medical institutions and home environment of China. The outcome of the prediction model was fall or not. These variables were filtered via univariable logistic analysis, LASSO, and multivariable logistic analysis. We adopt an internal validation method of K-fold cross validation. The area under the ROC curve and the H-L test were used to evaluate the discrimination and calibration of the model. Five influencing factors were identified multivariable logistic regression analysis. The established model equation is as follows: the H-L goodness-of-fit test of the model p > 0.05. The area under the ROC curve of train is 0.957 (95% CI: 0.936 ~ 0.978), and the area under the ROC curve of test is 0.962 (95% CI: 0.884 ~ 1), so the model calibration and discriminant validity are good. Our equation has good sensitivity and specificity in predicting the fall risk of patients with hematologic diseases, and has certain positive significance",10.1080/17474086.2024.2329596,https://pubmed.ncbi.nlm.nih.gov/38465408/,38465408,triPod_AI_era=2024-2025 | overall_calib=1 | subgroup_interval=1 | dual_overlap=0
35297371,Implementation of prognostic machine learning algorithms in paediatric chronic respiratory conditions: a scoping review.,Filipow Nicole; Main Eleanor; Sebire Neil J; Booth John; Taylor Andrew M; Davies Gwyneth,BMJ open respiratory research,2022,"Machine learning (ML) holds great potential for predicting clinical outcomes in heterogeneous chronic respiratory diseases (CRD) affecting children, where timely individualised treatments offer opportunities for health optimisation. This paper identifies rate-limiting steps in ML prediction model development that impair clinical translation and discusses regulatory, clinical and ethical considerations for ML implementation. A scoping review of ML prediction models in paediatric CRDs was undertaken using the PRISMA extension scoping review guidelines. From 1209 results, 25 articles published between 2013 and 2021 were evaluated for features of a good clinical prediction model using the Transparent Reporting of a multivariable prediction model for Individual Prognosis Or Diagnosis (TRIPOD) guidelines.Most of the studies were in asthma (80%), with few in cystic fibrosis (12%), bronchiolitis (4%) and childhood wheeze (4%). There were inconsistencies in model reporting and studies were limited by a lack of validation, and absence of equations or code for replication. Clinician involvement during ML model development is essential and diversity, equity and inclusion should be assessed at ",10.1136/bmjresp-2021-001165,https://pubmed.ncbi.nlm.nih.gov/35297371/,35297371,triPod_AI_era=pre-2024 | overall_calib=0 | subgroup_interval=0 | dual_overlap=0
42176597,Advancing stroke prevention in atrial fibrillation: a systematic review of machine learning-based risk prediction models.,Islam Md Mohaimenul; Nkemdirim Okere Arinze,International journal of medical informatics,2026,"Atrial fibrillation (AF) is the most common sustained cardiac arrhythmia and confers a four to fivefold increase in ischemic stroke risk, accounting for approximately 15 - 20% of all stroke events globally. Despite this burden, the predominant risk stratification tool, the CHA2DS2-VASc score, achieves only modest discrimination, constrained by its static, additive architecture that cannot capture the nonlinear, high-dimensional interactions inherent in real-world electronic health record (EHR) data. This evidence gap creates a dual clinical hazard: under-anticoagulation in high-risk patients and unnecessary bleeding exposure in those whose risk is overestimated. This study aimed to systematically evaluate the predictive performance, methodological rigor, and clinical readiness of machine learning (ML) models derived from EHR data for the prediction of ischemic stroke in patients with AF. A systematic search of PubMed, Embase, Scopus, and Web of Science was conducted from inception through September 2025, following PRISMA 2020 guidelines. Studies were eligible if they developed or validated ML models for ischemic stroke prediction using EHR data in adults with AF and reported at lea",10.1016/j.ijmedinf.2026.106504,https://pubmed.ncbi.nlm.nih.gov/42176597/,42176597,triPod_AI_era=2024-2025 | overall_calib=1 | subgroup_interval=0 | dual_overlap=0
38461283,Machine learning and the prediction of suicide in psychiatric populations: a systematic review.,Pigoni Alessandro; Delvecchio Giuseppe; Turtulici Nunzio; Madonna Domenico; Pietrini Pietro; Cecchetti Luca,Translational psychiatry,2024,"Machine learning (ML) has emerged as a promising tool to enhance suicidal prediction. However, as many large-sample studies mixed psychiatric and non-psychiatric populations, a formal psychiatric diagnosis emerged as a strong predictor of suicidal risk, overshadowing more subtle risk factors specific to distinct populations. To overcome this limitation, we conducted a systematic review of ML studies evaluating suicidal behaviors exclusively in psychiatric clinical populations. A systematic literature search was performed from inception through November 17, 2022 on PubMed, EMBASE, and Scopus following the PRISMA guidelines. Original research using ML techniques to assess the risk of suicide or predict suicide attempts in the psychiatric population were included. An assessment for bias risk was performed using the transparent reporting of a multivariable prediction model for individual prognosis or diagnosis (TRIPOD) guidelines. About 1032 studies were retrieved, and 81 satisfied the inclusion criteria and were included for qualitative synthesis. Clinical and demographic features were the most frequently employed and random forest, support vector machine, and convolutional neural net",10.1038/s41398-024-02852-9,https://pubmed.ncbi.nlm.nih.gov/38461283/,38461283,triPod_AI_era=2024-2025 | overall_calib=1 | subgroup_interval=0 | dual_overlap=0
35870799,Predicting complications of spine surgery: external validation of three models.,Jadresic Martin Coia; Baker Joseph F,The spine journal : official journal of the North American Spine Society,2022,"Numerous prediction tools are available for estimating postoperative risk following spine surgery. External validation and comparison of these tools is critical prior to clinical use. No model for adverse events after spine surgery has undergone decision curve analysis. External validation, comparison, and decision curve analysis of 3 previously described models [SpineSage, Risk Assessment Tool (RAT), National Surgical Quality Improvement Program Risk Calculator (NSQIP)] for predicting 30-day postoperative complications after spine surgery STUDY DESIGN: Retrospective cohort study. Three hundred fifteen patients who underwent spine surgery at a tertiary academic surgical center in New Zealand between January 2019 and April 2020. As defined by each risk prediction tool and objectively using the Comprehensive Complication Index. We retrospectively reviewed risk of postoperative complication was calculated for each patient according to the 3 models. Overall model fit, calibration, discrimination, and decision curve analysis for each model were assessed in line with the transparent reporting of a multivariable prediction model for individual prognosis or diagnosis (TRIPOD) guidelines. 1",10.1016/j.spinee.2022.07.092,https://pubmed.ncbi.nlm.nih.gov/35870799/,35870799,triPod_AI_era=pre-2024 | overall_calib=0 | subgroup_interval=1 | dual_overlap=0
35190425,Endorsement of the TRIPOD statement and the reporting of studies developing contrast-induced nephropathy prediction models for the coronary angiography/percutaneous coronary intervention population: a cross-sectional study.,Miao Simeng; Pan Chen; Li Dandan; Shen Su; Wen Aiping,BMJ open,2022,"Clear and specific reporting of a research paper is essential for its validity and applicability. Some studies have revealed that the reporting of studies based on the clinical prediction models was generally insufficient based on the Transparent Reporting of a multivariable prediction model for Individual Prognosis Or Diagnosis (TRIPOD) checklist. However, the reporting of studies on contrast-induced nephropathy (CIN) prediction models in the coronary angiography (CAG)/percutaneous coronary intervention (PCI) population has not been thoroughly assessed. Thus, the aim is to evaluate the reporting of the studies on CIN prediction models for the CAG/PCI population using the TRIPOD checklist. A cross-sectional study. PubMed and Embase were systematically searched from inception to 30 September 2021. Only the studies on the development of CIN prediction models for the CAG/PCI population were included. The data were extracted into a standardised spreadsheet designed in accordance with the 'TRIPOD Adherence Assessment Form'. The overall completeness of reporting of each model and each TRIPOD item were evaluated, and the reporting before and after the publication of the TRIPOD statement w",10.1136/bmjopen-2021-052568,https://pubmed.ncbi.nlm.nih.gov/35190425/,35190425,triPod_AI_era=pre-2024 | overall_calib=1 | subgroup_interval=1 | dual_overlap=0
40011667,Development and Validation of a Nomogram Predictive Model and Scoring Tool for Assessing the Risk of Inadequate Bowel Preparation in Colonoscopy Patients Over 40 Years Old: A Retrospective Observational Study.,Fang Liangyu; Bingbing Wu; Wang Qianmi; Yinchuan Xu,Journal of clinical nursing,2025,"To explore the potential risk factors contributing to inadequate bowel preparation in middle-aged and elderly patients (aged 40 and above) undergoing colonoscopy, and to subsequently devise and validate a comprehensive risk assessment tool and nomogram model for accurately predicting such preparation. A retrospective observational study was conducted at three campuses from January 2023 to December 2023. Twenty-three clinical indicators derived from colonoscopy records were leveraged to inform the predictive models. By using multivariate and stepwise logistic regression analyses, a risk-scoring model and a nomogram prediction model were devised. Calibration curves were used to evaluate the model's accuracy, while decision curve analysis (DCA) and receiver operating characteristic (ROC) curves were used to evaluate the model's clinical applicability and discriminatory power, encompassing the Hosmer-Lemeshow χ2 test for goodness-of-fit. TRIPOD was used to guide this study. A total of 6860 outpatients who met the criteria were selected and divided into a training set (n = 4116) and a validation set (n = 2744) according to the bowel preparation quality. BMI, comorbidity, history of cons",10.1111/jocn.17702,https://pubmed.ncbi.nlm.nih.gov/40011667/,40011667,triPod_AI_era=2024-2025 | overall_calib=1 | subgroup_interval=0 | dual_overlap=0
42594712,Vision-Language Model as a 'Zero-Shot' Assistant for Evaluating Condylar Osseous Changes in Cone-beam Computed Tomography.,Chen Ke; Zhang Andrew; Xie Xianju; Bai Yuxing,International dental journal,2026,"Interpreting condylar osseous changes on CBCT is challenging for general practitioners. This study evaluated the 'zero-shot' diagnostic performance and utility of Vision-Language Models (VLMs) as AI assistants for detecting condylar abnormalities. We analysed 72 CBCT images from the EHPN study for internal validation and constructed a balanced sample of 70 images from the MMDental dataset for external validation, with dual-radiologist consensus as the ground truth. Three frontier VLMs (Gemini-3, GPT-5.2, and Qwen3-VL) were used to evaluate representative sagittal slices without prior fine-tuning. Performance was measured by diagnostic accuracy, sensitivity, specificity, and balanced accuracy, while the Quality Assessment of Medical AI-generated Information (QAMAI) framework assessed the quality of AI-generated structured reports. This study was reported following STARD-AI and CLAIM guidelines as primary checklists, with TRIPOD-LLM as a supplementary framework. Gemini-3 achieved the highest diagnostic accuracy (90.3%; 95% CI: 81.0%-95.5%), outperforming GPT-5.2 (75.0%) and Qwen3-VL (55.6%). External validation on a constructed balanced sample from the MMDental dataset confirmed thes",10.1016/j.identj.2026.109817,https://pubmed.ncbi.nlm.nih.gov/42594712/,42594712,triPod_AI_era=2024-2025 | overall_calib=0 | subgroup_interval=0 | dual_overlap=0
40390567,Establishment and Validation of Prediction Model for Post-Operative Hypothermia During the Post-Anaesthesia Care Unit Stay.,Mei Aishuang; Gao Linglin; Wang Yanan; Zhang Yuyan; Zhou Zijun; Chen Linyao,Journal of clinical nursing,2025,"The objective of this study was to investigate the risk factors for post-operative hypothermia in adult patients and to develop a prediction model. Post-operative hypothermia is one of the most common complications and thus increases the degree of clinical and nursing risk. The previous studies mainly focused on intraoperative or post-operative hypothermia with limited data. Cohort study. A total of 99,644 records including anaesthesia and post-anesthesia care files were retrieved from October 1, 2021 to February 10, 2023, including 89,663 files in the training group and 9981 files in the validation group. The primary outcome was the incidence of post-operative hypothermia in the post-anesthesia care unit. Multivariate logistic regression was used to identify risk factors for post-operative hypothermia. A logistic regression nomogram was subsequently created to predict the probability of post-operative hypothermia during the post-anesthesia care unit stay. The independent risk factors for post-operative hypothermia included male sex, age, low body mass index, anaesthesia duration, chest surgery and urological surgery. A nomogram was established to predict the probability of post-op",10.1111/jocn.17815,https://pubmed.ncbi.nlm.nih.gov/40390567/,40390567,triPod_AI_era=2024-2025 | overall_calib=1 | subgroup_interval=0 | dual_overlap=1
35398812,Machine learning models for diabetes management in acute care using electronic medical records: A systematic review.,Kamel Rahimi Amir; Canfell Oliver J; Chan Wilkin; Sly Benjamin; Pole Jason D; Sullivan Clair,International journal of medical informatics,2022,"Machine learning (ML) is a subset of Artificial Intelligence (AI) that is used to predict and potentially prevent adverse patient outcomes. There is increasing interest in the application of these models in digital hospitals to improve clinical decision-making and chronic disease management, particularly for patients with diabetes. The potential of ML models using electronic medical records (EMR) to improve the clinical care of hospitalised patients with diabetes is currently unknown. The aim was to systematically identify and critically review the published literature examining the development and validation of ML models using EMR data for improving the care of hospitalised adult patients with diabetes. The Preferred Reporting Items for Systematic Reviews and Meta Analyses (PRISMA) guidelines were followed. Four databases were searched (Embase, PubMed, IEEE and Web of Science) for studies published between January 2010 to January 2022. The reference lists of the eligible articles were manually searched. Articles that examined adults and both developed and validated ML models using EMR data were included. Studies conducted in primary care and community care settings were excluded. ",10.1016/j.ijmedinf.2022.104758,https://pubmed.ncbi.nlm.nih.gov/35398812/,35398812,triPod_AI_era=pre-2024 | overall_calib=1 | subgroup_interval=0 | dual_overlap=0
35395724,Methodological conduct of prognostic prediction models developed using machine learning in oncology: a systematic review.,Dhiman Paula; Ma Jie; Andaur Navarro Constanza L; Speich Benjamin; Bullock Garrett; Damen Johanna A A,BMC medical research methodology,2022,"Describe and evaluate the methodological conduct of prognostic prediction models developed using machine learning methods in oncology. We conducted a systematic review in MEDLINE and Embase between 01/01/2019 and 05/09/2019, for studies developing a prognostic prediction model using machine learning methods in oncology. We used the Transparent Reporting of a multivariable prediction model for Individual Prognosis Or Diagnosis (TRIPOD) statement, Prediction model Risk Of Bias ASsessment Tool (PROBAST) and CHecklist for critical Appraisal and data extraction for systematic Reviews of prediction Modelling Studies (CHARMS) to assess the methodological conduct of included publications. Results were summarised by modelling type: regression-, non-regression-based and ensemble machine learning models. Sixty-two publications met inclusion criteria developing 152 models across all publications. Forty-two models were regression-based, 71 were non-regression-based and 39 were ensemble models. A median of 647 individuals (IQR: 203 to 4059) and 195 events (IQR: 38 to 1269) were used for model development, and 553 individuals (IQR: 69 to 3069) and 50 events (IQR: 17.5 to 326.5) for model validati",10.1186/s12874-022-01577-x,https://pubmed.ncbi.nlm.nih.gov/35395724/,35395724,triPod_AI_era=pre-2024 | overall_calib=0 | subgroup_interval=0 | dual_overlap=0
41835073,Systematic review of risk prediction models for sepsis-associated brain dysfunction.,Shen Wen; Li Ting; Wang Yun; Jia Ping; Zeng Xia,Frontiers in neurology,2026,"To systematically review the outcome constructs, modeling characteristics, and methodological quality of existing sepsis-associated brain dysfunction (SABD) risk prediction models, with the aim of explaining why current models are difficult to reproduce or translate into practice, and of proposing standardized directions for future research. A systematic review was conducted by searching CNKI, Wanfang, VIP, SinoMed, PubMed, CINAHL, Cochrane Library, Embase, and Web of Science from database inception to April 2025. Studies developing or validating SABD risk prediction models were included, with outcomes defined as sepsis-associated encephalopathy (SAE) or sepsis-associated delirium (SAD). Model characteristics were extracted according to the CHARMS checklist, and methodological quality was assessed using the Prediction model Risk of Bias Assessment Tool (PROBAST). Twelve studies involving 24 risk prediction models were included, of which four studies evaluated SAD as the outcome and eight evaluated SAE. Substantial heterogeneity was observed in outcome definitions, modeling strategies, and variable selection approaches. Calibration was reported in 10 studies, internal validation in ",10.3389/fneur.2026.1653460,https://pubmed.ncbi.nlm.nih.gov/41835073/,41835073,triPod_AI_era=2024-2025 | overall_calib=1 | subgroup_interval=0 | dual_overlap=0
34706759,"Development, validation and clinical usefulness of a prognostic model for relapse in relapsing-remitting multiple sclerosis.",Chalkou Konstantina; Steyerberg Ewout; Bossuyt Patrick; Subramaniam Suvitha; Benkert Pascal; Kuhle Jens,Diagnostic and prognostic research,2021,"Prognosis for the occurrence of relapses in individuals with relapsing-remitting multiple sclerosis (RRMS), the most common subtype of multiple sclerosis (MS), could support individualized decisions and disease management and could be helpful for efficiently selecting patients for future randomized clinical trials. There are only three previously published prognostic models on this, all of them with important methodological shortcomings. We aim to present the development, internal validation, and evaluation of the potential clinical benefit of a prognostic model for relapses for individuals with RRMS using real-world data. We followed seven steps to develop and validate the prognostic model: (1) selection of prognostic factors via a review of the literature, (2) development of a generalized linear mixed-effects model in a Bayesian framework, (3) examination of sample size efficiency, (4) shrinkage of the coefficients, (5) dealing with missing data using multiple imputations, (6) internal validation of the model. Finally, we evaluated the potential clinical benefit of the developed prognostic model using decision curve analysis. For the development and the validation of our prognost",10.1186/s41512-021-00106-6,https://pubmed.ncbi.nlm.nih.gov/34706759/,34706759,triPod_AI_era=pre-2024 | overall_calib=1 | subgroup_interval=1 | dual_overlap=0
36465447,Development and validation of a cardiovascular diseases risk prediction model for Chinese males (CVDMCM).,Shan Ying; Zhang Yucong; Zhao Yanping; Lu Yueqi; Chen Bangwei; Yang Liuqiao,Frontiers in cardiovascular medicine,2022,"Death due to cardiovascular diseases (CVD) increased significantly in China. One possible way to reduce CVD is to identify people at risk and provide targeted intervention. We aim to develop and validate a CVD risk prediction model for Chinese males (CVDMCM) to help clinicians identify those males at risk of CVD and provide targeted intervention. We conducted a retrospective cohort study of 2,331 Chinese males without CVD at baseline to develop and internally validate the CVDMCM. These participants had a baseline physical examination record (2008-2016) and at least one revisit record by September 2019. With the full cohort, we conducted three models: A model with Framingham CVD risk model predictors; a model with predictors selected by univariate cox proportional hazard model adjusted for age; and a model with predictors selected by LASSO algorithm. Among them, the optimal model, CVDMCM, was obtained based on the Akaike information criterion, the Brier's score, and Harrell's C statistic. Then, CVDMCM, the Framingham CVD risk model, and the Wu's simplified model were all validated and compared. All the validation was carried out by bootstrap resampling strategy (TRIPOD statement typ",10.3389/fcvm.2022.967097,https://pubmed.ncbi.nlm.nih.gov/36465447/,36465447,triPod_AI_era=pre-2024 | overall_calib=0 | subgroup_interval=1 | dual_overlap=0
40535700,Prediction models for intraventricular hemorrhage in very preterm infants: a systematic review.,Xiong Ping; Wei Yonggang; Li Lei; Kang Houxin; Yu Zhangbin; Tang Hong,Frontiers in pediatrics,2025,"To provide an overview and critical appraisal of prediction models for Intraventricular hemorrhage (IVH) in very preterm infants. Our comprehensive literature search encompassed PubMed (MEDLINE), Embase, Web of Science, the Cochrane Library along with targeted searches of the Chinese Medical Association's online journal platform (up to 8 February 2025). We examined relevant citations during full-text review and thoroughly evaluated them for inclusion. We included studies that reported the development and/or validation of predictive models for IVH in preterm infants born at <32 weeks. We extracted the data independently based on the TRIPOD-SRMA checklist. We checked for risk of bias and applicability independently using the Prediction model Risk Of Bias Assessment. A total of 30 prediction models from 11 studies reporting on model development and 2 models from 2 studies reporting on external validation were included in the analysis. The most frequently reported outcome in both model development studies (54.5%) and model validation studies (50%) was IVH I-IV. The most frequently used predictors in the models were gestational age (43.33%), followed by sex (36.67%), antenatal corticost",10.3389/fped.2025.1605145,https://pubmed.ncbi.nlm.nih.gov/40535700/,40535700,triPod_AI_era=2024-2025 | overall_calib=1 | subgroup_interval=0 | dual_overlap=0
38286221,Reproducible Reporting of the Collection and Evaluation of Annotations for Artificial Intelligence Models.,Elfer Katherine; Gardecki Emma; Garcia Victor; Ly Amy; Hytopoulos Evangelos; Wen Si,"Modern pathology : an official journal of the United States and Canadian Academy of Pathology, Inc",2024,"This work puts forth and demonstrates the utility of a reporting framework for collecting and evaluating annotations of medical images used for training and testing artificial intelligence (AI) models in assisting detection and diagnosis. AI has unique reporting requirements, as shown by the AI extensions to the Consolidated Standards of Reporting Trials (CONSORT) and Standard Protocol Items: Recommendations for Interventional Trials (SPIRIT) checklists and the proposed AI extensions to the Standards for Reporting Diagnostic Accuracy (STARD) and Transparent Reporting of a Multivariable Prediction model for Individual Prognosis or Diagnosis (TRIPOD) checklists. AI for detection and/or diagnostic image analysis requires complete, reproducible, and transparent reporting of the annotations and metadata used in training and testing data sets. In an earlier work by other researchers, an annotation workflow and quality checklist for computational pathology annotations were proposed. In this manuscript, we operationalize this workflow into an evaluable quality checklist that applies to any reader-interpreted medical images, and we demonstrate its use for an annotation effort in digital pat",10.1016/j.modpat.2024.100439,https://pubmed.ncbi.nlm.nih.gov/38286221/,38286221,triPod_AI_era=2024-2025 | overall_calib=1 | subgroup_interval=1 | dual_overlap=1
42158993,Diagnostic Prediction Models for Depression in Patients With Breast Cancer: A Systematic Review.,Yu Xiaosong; Zhang Lin; Wan Qianqian; Chen Shaolin; Wang Xiaohua,Journal of clinical nursing,2026,"To systematically review the evidence on diagnostic prediction models for depression in patients with breast cancer. Systematic review. Ten databases were searched from inception to 22 August 2025, with an updated search on 17 December 2025, to identify original studies developing and/or validating diagnostic prediction models for depression in patients with breast cancer. Data were extracted using the Critical Appraisal and Data Extraction for Systematic Reviews of Prediction Modelling Studies (CHARMS) framework. Two reviewers independently assessed risk of bias and applicability of included studies using the Prediction Model Risk of Bias Assessment Tool (PROBAST). Eleven studies were included. Reported area under the curve (AUC) values ranged from 0.784 to 0.890. All included studies were judged to be at high risk of bias, and seven raised high concerns regarding applicability. There was substantial heterogeneity in predictor selection across studies, with age, income level and family support being the most frequently reported predictors. Although preliminary research on diagnostic prediction models for depression in patients with breast cancer has been undertaken, their methodol",10.1111/jocn.70365,https://pubmed.ncbi.nlm.nih.gov/42158993/,42158993,triPod_AI_era=2024-2025 | overall_calib=0 | subgroup_interval=0 | dual_overlap=0
34509878,Prediction models in gynaecology: Transparent reporting needed for clinical application.,Gelderblom Malou E; Stevens Kelly Y R; Houterman Saskia; Weyers Steven; Schoot Benedictus C,"European journal of obstetrics, gynecology, and reproductive biology",2021,"The clinical application of prediction models is increasing within the field of gynaecology and obstetrics. This is mostly due to the fact that clinicians and patients prefer individualized counselling and person specific, more objective outcome assessment. To prevent using inadequate models, it is important to construct and perform prediction model studies correctly. Therefore, the TRIPOD statement (the Transparent Reporting of a multivariable prediction model for Individual Prognosis Or Diagnosis) was developed. The aim of this review is to obtain an overview of the existing published prediction models for benign gynaecology and to investigate to what extent these studies meet the TRIPOD criteria. We performed a literature search in the databases PubMed, Embase and Cochrane Library from inception to August 2020. Searching the cross-references of the relevant studies within our search identified additional articles. Publications were included if the aim of the study was to develop a multivariable prediction model within the field of benign gynaecology. Two independent reviewers extracted the data. Analysis of the studies was performed by using a checklist derived from the TRIPOD c",10.1016/j.ejogrb.2021.08.013,https://pubmed.ncbi.nlm.nih.gov/34509878/,34509878,triPod_AI_era=pre-2024 | overall_calib=1 | subgroup_interval=0 | dual_overlap=0
39655846,Tackling the small data problem in medical image classification with artificial intelligence: a systematic review.,Piffer Stefano; Ubaldi Leonardo; Tangaro Sabina; Retico Alessandra; Talamonti Cinzia,"Progress in biomedical engineering (Bristol, England)",2024,"Though medical imaging has seen a growing interest in AI research, training models require a large amount of data. In this domain, there are limited sets of data available as collecting new data is either not feasible or requires burdensome resources. Researchers are facing with the problem of small datasets and have to apply tricks to fight overfitting. 147 peer-reviewed articles were retrieved from PubMed, published in English, up until 31 July 2022 and articles were assessed by two independent reviewers. We followed the Preferred Reporting Items for Systematic reviews and Meta-Analyse (PRISMA) guidelines for the paper selection and 77 studies were regarded as eligible for the scope of this review. Adherence to reporting standards was assessed by using TRIPOD statement (transparent reporting of a multivariable prediction model for individual prognosis or diagnosis). To solve the small data issue transfer learning technique, basic data augmentation and generative adversarial network were applied in 75%, 69% and 14% of cases, respectively. More than 60% of the authors performed a binary classification given the data scarcity and the difficulty of the tasks. Concerning generalizabil",10.1088/2516-1091/ad525b,https://pubmed.ncbi.nlm.nih.gov/39655846/,39655846,triPod_AI_era=2024-2025 | overall_calib=1 | subgroup_interval=0 | dual_overlap=0
35230519,Quality of science and reporting for radiomics in cardiac magnetic resonance imaging studies: a systematic review.,Chang Suyon; Han Kyunghwa; Suh Young Joo; Choi Byoung Wook,European radiology,2022,"To evaluate the quality of radiomics studies using cardiac magnetic resonance imaging (CMR) according to the radiomics quality score (RQS), Transparent Reporting of a multivariable prediction model for Individual Prognosis Or Diagnosis (TRIPOD) guidelines, and the standards defined by the Image Biomarker Standardization Initiative (IBSI) and identify areas needing improvement. PubMed and Embase were searched to identify radiomics studies using CMR until March 10, 2021. Of the 259 identified articles, 32 relevant original research articles were included. Studies were scored according to the RQS, TRIPOD guidelines, and IBSI standards by two cardiac radiologists. The mean RQS was 14.3% of the maximum (5.16 out of 36). RQS were low for the demonstration of validation (-60.6%), calibration statistics (1.6%), potential clinical utility (3.1%), and open science (3.1%) items. No study conducted a phantom study or cost-effectiveness analysis. The adherence to TRIPOD guidelines was 55.9%. Studies were deficient in reporting title (3.1%), stating objective in abstract and introduction (6.3% and 9.4%), missing data (0%), discrimination/calibration (3.1%), and how to use the prediction model (3",10.1007/s00330-022-08587-9,https://pubmed.ncbi.nlm.nih.gov/35230519/,35230519,triPod_AI_era=pre-2024 | overall_calib=0 | subgroup_interval=1 | dual_overlap=0
37296054,A Transparent Reporting of a multivariable prediction model for Individual Prognosis Or Diagnosis analysis to evaluate the quality of reporting of postoperative pancreatic fistula prediction models after pancreatoduodenectomy: A systematic review.,Alhulaili Zahraa M; Linnemann Ralph J; Dascau Larisa; Pleijhuis Rick G; Klaase Joost M,Surgery,2023,Postoperative pancreatic fistula is a frequent and potentially lethal complication after pancreatoduodenectomy. Several models have been developed to predict postoperative pancreatic fistula risk. This study was performed to evaluate the quality of reporting of postoperative pancreatic fistula prediction models after pancreatoduodenectomy using the Transparent Reporting of a multivariable prediction model for Individual Prognosis Or Diagnosis (TRIPOD) checklist that provides guidelines on reporting prediction models to enhance transparency and to help in the decision-making regarding the implementation of the appropriate risk models into clinical practice. Studies that described prediction models to predict postoperative pancreatic fistula after pancreatoduodenectomy were searched according to the Preferred Reporting Items for Systematic Reviews and Meta-Analyses guidelines. The TRIPOD checklist was used to evaluate the adherence rate. The area under the curve and other performance measures were extracted if reported. A quadrant matrix chart is created to plot the area under the curve against TRIPOD adherence rate to find models with a combination of above-average TRIPOD adherence ,10.1016/j.surg.2023.04.058,https://pubmed.ncbi.nlm.nih.gov/37296054/,37296054,triPod_AI_era=pre-2024 | overall_calib=1 | subgroup_interval=1 | dual_overlap=0
41487303,AI/ML driven prediction of COPD exacerbations and readmissions: a systematic review and meta-analysis.,Niraula Prajita; Upreti Mallika; Kadariya Suman; Poudel Bishal; Kadariya Sujan; Kunwar Shreedhar,Frontiers in digital health,2025,"Chronic obstructive pulmonary disease (COPD) exacerbations and hospital readmissions are major drivers of morbidity, mortality, and healthcare costs. Artificial intelligence and machine learning (AI/ML) approaches have been applied to predict these events, but their pooled performance and methodological rigor remain unclear. Following PRISMA 2020 guidelines, we conducted a systematic review and meta-analysis of peer-reviewed studies developing or validating AI/ML models for predicting acute exacerbations of COPD (AECOPD) or hospital readmissions. Databases (PubMed, IEEE Xplore, Cochrane Library, Semantic Scholar) were searched to 2025. Eligible designs included retrospective and prospective cohorts, randomized trials with embedded prediction, and case-control studies. Study quality was assessed using PROBAST, and evidence certainty with GRADE. Random-effects models pooled area under the ROC curve (AUC); subgroup analyses compared AECOPD vs. readmission outcomes and internal vs. external validation. Thirteen studies were included, with sample sizes ranging from 110 to 113,786 patients. Most were retrospective cohorts using EHRs or claims data, while two used prospective or trial-bas",10.3389/fdgth.2025.1641356,https://pubmed.ncbi.nlm.nih.gov/41487303/,41487303,triPod_AI_era=2024-2025 | overall_calib=1 | subgroup_interval=0 | dual_overlap=0
40823290,Diagnostic models for sepsis-associated encephalopathy: a comprehensive systematic review and meta-analysis.,Zhou Tengfei; Tian Xinming; Wang Wei; Chu Zhe,Frontiers in neurology,2025,"To systematically evaluate the performance and methodological rigor of published prediction models for sepsis-associated encephalopathy (SAE), identify their limitations, and provide guidance for the future development of robust and clinically applicable models. We conducted a systematic search across nine English and Chinese databases (from inception to May 2025) for studies developing or validating SAE prediction models in adult sepsis patients. Two researchers independently gathered data, using PROBAST to assess methodological quality, and conducted a meta-analysis of the AUC of logistic regression models. Ten studies were included, encompassing 55,244 patients with sepsis, revealing an incidence of SAE ranging from 15.0 to 62.4%. A total of 29 predictive models were developed, comprising 10 optimal models, primarily utilizing logistic regression or machine learning algorithms. The combined AUC of the five logistic regression models was 0.85 (95% CI 0.77-0.93), exhibiting substantial heterogeneity (I2 = 91.8%). All models showed a high risk of bias according to the PROBAST evaluation, mainly due to the lack of external validation and methodological shortcomings. Current SAE pred",10.3389/fneur.2025.1645397,https://pubmed.ncbi.nlm.nih.gov/40823290/,40823290,triPod_AI_era=2024-2025 | overall_calib=0 | subgroup_interval=0 | dual_overlap=0
38356199,Patient outcomes following medical emergency team review on general wards: Development of predictive models.,Batterbury Anthony; Douglas Clint; Coyer Fiona,Journal of clinical nursing,2024,"To develop and internally validate risk prediction models for subsequent clinical deterioration, unplanned ICU admission and death among ward patients following medical emergency team (MET) review. A retrospective cohort study of 1500 patients who remained on a general ward following MET review at an Australian quaternary hospital. Logistic regression was used to model (1) subsequent MET review within 48 h, (2) unplanned ICU admission within 48 h and (3) hospital mortality. Models included demographic, clinical and illness severity variables. Model performance was evaluated using discrimination and calibration with optimism-corrected bootstrapped estimates. Findings are reported using the TRIPOD guideline for multivariable prediction models for prognosis or diagnosis. There was no patient or public involvement in the development and conduct of this study. Within 48 h of index MET review, 8.3% (n = 125) of patients had a subsequent MET review, 7.2% (n = 108) had an unplanned ICU admission and in-hospital mortality was 16% (n = 240). From clinically preselected predictors, models retained age, sex, comorbidity, resuscitation limitation, acuity-dependency profile, MET activation trigg",10.1111/jocn.17029,https://pubmed.ncbi.nlm.nih.gov/38356199/,38356199,triPod_AI_era=2024-2025 | overall_calib=1 | subgroup_interval=0 | dual_overlap=0
36201785,Predictive Models for Estimating the Probability of Successful Vaginal Birth After Cesarean Delivery: A Systematic Review.,Black Naomi; Henderson Ian; Al Wattar Bassel H; Quenby Siobhan,Obstetrics and gynecology,2022,"To systematically review all studies that developed or validated a vaginal birth after cesarean (VBAC) prediction model. MEDLINE, EMBASE, CINAHL, Cochrane Library, and ClinicalTrials.gov were searched from inception until February 2022. We included observational studies that developed or validated a multivariable VBAC prediction model in women with a singleton pregnancy and one previous lower segment cesarean delivery. A total of 3,758 articles were identified and screened. For 57 included studies, data were extracted in duplicate using a CHARMS (Critical Appraisal and Data Extraction for Systematic Review of Prediction Modelling Studies) checklist-based tool and included participants' characteristics, sample size, predictors, timing of application, and performance. PROBAST (Prediction model Risk of Bias Assessment Tool) and TRIPOD (Transparent Reporting of a multivariable prediction model for Individual Prognosis or Diagnosis) were used to assess risk of bias and transparency of reporting. Several studies developed or validated more than one model. There were 38 unique prediction models, 42 external validations of 10 existing prediction models, and six modifications of existing mo",10.1097/AOG.0000000000004940,https://pubmed.ncbi.nlm.nih.gov/36201785/,36201785,triPod_AI_era=pre-2024 | overall_calib=1 | subgroup_interval=0 | dual_overlap=0
36870322,Development and validation of moderate to severe obstructive sleep apnea screening test (ColTon) in a pediatric population.,Bokov Plamen; Dudoignon Benjamin; Boujemla Imene; Dahan Jacques; Spruyt Karen; Delclaux Christophe,Sleep medicine,2023,"Development and validation of a machine learning algorithm to predict moderate to severe obstructive sleep apnea syndrome (OSAS) in otherwise healthy children. Multivariable logistic regression and cforest algorithm of a large cross-sectional data set of children with sleep-disordered breathing. An university pediatric sleep centre. Children underwent clinical examination, acoustic rhinometry and pharyngometry, and surveying through parental sleep questionnaires, allowing the recording of 14 predictors that have been associated with OSAS. The dataset was nonrandomly split into a training (development) versus test (external validation) set (2:1 ratio) based on the time of the polysomnography. We followed the TRIPOD checklist. We included 336 children in the analysis: 220 in the training set (median age [25th-75th percentile]: 10.6 years [7.4; 13.5], z-score of BMI: 1.96 [0.73; 2.50], 89 girls) and 116 in the test set (10.3 years [7.8; 13.0], z-score of BMI: 1.89 [0.61; 2.46], 51 girls). The prevalence of moderate to severe OSAS was 106/336 (32%). A machine learning algorithm using the cforest with pharyngeal collapsibility (pharyngeal volume reduction from sitting to supine position",10.1016/j.sleep.2023.02.016,https://pubmed.ncbi.nlm.nih.gov/36870322/,36870322,triPod_AI_era=pre-2024 | overall_calib=0 | subgroup_interval=0 | dual_overlap=0
40297817,"Methodological and reporting quality of machine learning studies on cancer diagnosis, treatment, and prognosis.",Smiley Aref; Villarreal-Zegarra David; Reategui-Rivera C Mahony; Escobar-Agreda Stefan; Finkelstein Joseph,Frontiers in oncology,2025,"This study aimed to evaluate the quality and transparency of reporting in studies using machine learning (ML) in oncology, focusing on adherence to the Consolidated Reporting Guidelines for Prognostic and Diagnostic Machine Learning Models (CREMLS), TRIPOD-AI (Transparent Reporting of a Multivariable Prediction Model for Individual Prognosis or Diagnosis), and PROBAST (Prediction Model Risk of Bias Assessment Tool). The literature search included primary studies published between February 1, 2024, and January 31, 2025, that developed or tested ML models for cancer diagnosis, treatment, or prognosis. To reflect the current state of the rapidly evolving landscape of ML applications in oncology, fifteen most recent articles in each category were selected for evaluation. Two independent reviewers screened studies and extracted data on study characteristics, reporting quality (CREMLS and TRIPOD+AI), risk of bias (PROBAST), and ML performance metrics. The most frequently studied cancer types were breast cancer (n=7/45; 15.6%), lung cancer (n=7/45; 15.6%), and liver cancer (n=5/45; 11.1%). The findings indicate several deficiencies in reporting quality, as assessed by CREMLS and TRIPOD+AI",10.3389/fonc.2025.1555247,https://pubmed.ncbi.nlm.nih.gov/40297817/,40297817,triPod_AI_era=2024-2025 | overall_calib=1 | subgroup_interval=0 | dual_overlap=1
38465451,Multivariable prediction models for fetal macrosomia and large for gestational age: A systematic review.,Ewington Lauren; Black Naomi; Leeson Charlotte; Al Wattar Bassel H; Quenby Siobhan,BJOG : an international journal of obstetrics and gynaecology,2024,"The identification of large for gestational age (LGA) and macrosomic fetuses is essential for counselling and managing these pregnancies. To systematically review the literature for multivariable prediction models for LGA and macrosomia, assessing the performance, quality and applicability of the included model in clinical practice. MEDLINE, EMBASE and Cochrane Library were searched until June 2022. We included observational and experimental studies reporting the development and/or validation of any multivariable prediction model for fetal macrosomia and/or LGA. We excluded studies that used a single variable or did not evaluate model performance. Data were extracted using the Checklist for critical appraisal and data extraction for systematic reviews of prediction modelling studies checklist. The model performance measures discrimination, calibration and validation were extracted. The quality and completion of reporting within each study was assessed by its adherence to the TRIPOD (Transparent Reporting of a multivariable prediction model for Individual Prognosis Or Diagnosis) checklist. The risk of bias and applicability were measured using PROBAST (Prediction model Risk Of Bias ",10.1111/1471-0528.17802,https://pubmed.ncbi.nlm.nih.gov/38465451/,38465451,triPod_AI_era=2024-2025 | overall_calib=1 | subgroup_interval=0 | dual_overlap=0
40687738,Artificial intelligence-enabled prenatal ultrasound for the detection of fetal cardiac abnormalities: a systematic review and meta-analysis.,D'Alberti Elena; Patey Olga; Smith Carolyn; Šalović Bojana; Hernandez-Cruz Netzahualcoyotl; Noble J Alison,EClinicalMedicine,2025,"Advances in artificial intelligence (AI) have triggered interest in using intelligent systems to improve prenatal detection of fetal congenital heart defects (CHDs). Our aim is to systematically examine the current literature on diagnostic performance of AI-enabled prenatal cardiac ultrasound. This systematic review and meta-analysis was registered with PROSPERO (CRD42024549601). Embase, Medline, Cochrane Central Database of Controlled Trials, and CINAHL were searched from inception until February 2025. Studies evaluating AI performance in prenatal detection of fetal CHDs were eligible for inclusion, and studies focusing on the application of AI before 16 weeks of gestation, or using three- or four-dimensional ultrasound, were excluded. Pooled sensitivity and specificity were obtained using random-effect method, and pooled proportions using the Freeman-Tukey arcsine square root transformation. Heterogeneity was assessed with I2 statistics. Risk of bias and adherence to reporting standards were assessed using QUADAS-2 and TRIPOD+AI, respectively. Risk of publication bias was assessed with Deek's test and certainty of evidence for outcomes with GRADE approach. Fifteen studies were in",10.1016/j.eclinm.2025.103250,https://pubmed.ncbi.nlm.nih.gov/40687738/,40687738,triPod_AI_era=2024-2025 | overall_calib=0 | subgroup_interval=0 | dual_overlap=0
41834065,Understanding Clinicians' Informational Needs for AI-Driven Clinical Decision Support Systems: Qualitative Interview Study.,Mingels Simone; Piehl Hannah; Therrien Madeline; Akhmad Ekaterina; van Hienen Anniek; van Soest Johan,JMIR medical education,2026,"Advancements in artificial intelligence (AI) are transforming health care, particularly through AI-driven clinical decision support systems (AI-CDSS) that aid in predicting disease progression and personalizing treatment. Despite their potential, adoption remains limited due to clinician concerns about algorithm misuse, misinterpretation, and lack of transparency. This qualitative study explores the informational needs and preferences of clinicians to better understand and appropriately use AI-CDSS in decision-making. In parallel, this study explores AI experts' perspectives on what information should be communicated to enable safe and appropriate use of AI-CDSS. A qualitative description design study was conducted using semistructured interviews with 16 participants (8 clinicians and 8 AI experts). Discussions focused on experiences with AI, informational needs, and feedback on existing reporting standards, including Model Cards, Model Facts, and the Transparent Reporting of a multivariable prediction model for Individual Prognosis Or Diagnosis-Artificial Intelligence (TRIPOD-AI) checklist. The transcripts were analyzed through codebook thematic analysis. Four key themes were iden",10.2196/85228,https://pubmed.ncbi.nlm.nih.gov/41834065/,41834065,triPod_AI_era=2024-2025 | overall_calib=1 | subgroup_interval=0 | dual_overlap=0
33540933,Early Tooth Loss after Periodontal Diagnosis: Development and Validation of a Clinical Decision Model.,Santos Francisco; Beato Frederico; Machado Vanessa; Proença Luís; Mendes José João; Botelho João,International journal of environmental research and public health,2021,"The aim of this study was to develop and validate a predictive early tooth loss multivariable model for periodontitis patients before periodontal treatment. A total of 544 patients seeking periodontal care at the university dental hospital were enrolled in the study. Teeth extracted after periodontal diagnosis and due to periodontal reasons were recorded. Clinical and sociodemographic variables were analyzed, considering the risk of short-term tooth loss. This study followed the transparent reporting of a multivariable prediction model for individual prognosis or diagnosis (TRIPOD) guidelines for development and validation, with two cohorts considered as follows: 455 patients in the development phase and 99 in the validation phase. As a result, it was possible to compute a predictive model based on tooth type and clinical attachment loss. The model explained 25.3% of the total variability and correctly ranked 98.9% of the cases. The final reduced model area under the curve (AUC) was 0.809 (95% confidence interval (95% CI): 0.629-0.989) for the validation sample and 0.920 (95% CI: 0.891-0.950) for the development cohort. The established model presented adequate prediction potential ",10.3390/ijerph18031363,https://pubmed.ncbi.nlm.nih.gov/33540933/,33540933,triPod_AI_era=pre-2024 | overall_calib=1 | subgroup_interval=0 | dual_overlap=0
42204678,Quality and performance of machine learning versus logistic regression for predicting IVIG resistance in Kawasaki disease: a PROBAST+AI systematic comparison.,Zhang Jiaying; Wang Difan; Dong Jinfeng; He Ying; Liu Ying; You Tingjiao,BMC medical research methodology,2026,"This study aimed to systematically compare the predictive performance and methodological quality of logistic regression (LR) and machine learning (ML) models for intravenous immunoglobulin (IVIG) resistance in Kawasaki disease (KD) using the PROBAST + AI framework. We searched PubMed, Embase, and Web of Science to identify studies on prediction models for IVIG resistance in KD published between January 1, 2006, and July 31, 2025. We assessed methodological rigour, risk of bias, and applicability using PROBAST + AI. A meta-analysis was performed using random-effects models with logit-transformed area under the receiver operating characteristic curve (AUC) values. Subgroup, sensitivity, and publication bias analyses were additionally conducted. We identified 52 eligible studies (40 LR and 12 ML). In external validation, pooled AUCs were similar between ML and LR models (0.76 [95% CI 0.64-0.86] vs. 0.75 [95% CI 0.68-0.81]). In internal validation, ML showed a slightly higher pooled AUC than LR (0.86 [95% CI 0.78-0.92] vs. 0.76 [95% CI 0.72-0.79]), although no statistically significant differences were observed. All studies were judged to be at high risk of bias, mainly due to retrospe",10.1186/s12874-026-02893-2,https://pubmed.ncbi.nlm.nih.gov/42204678/,42204678,triPod_AI_era=2024-2025 | overall_calib=0 | subgroup_interval=1 | dual_overlap=0
39285407,Development and validation of a nomogram for predicting critical respiratory events during early anesthesia recovery in elderly patients.,Huang Jingying; Yang Jin; Qi Haiou; Xu Xin; Zhu Yiting; Xu Miaomiao,BMC medical informatics and decision making,2024,"Elderly patients undergoing recovery from general anesthesia face a heightened risk of critical respiratory events (CREs). Despite this, there is a notable absence of effective predictive tools tailored to this specific demographic. This study aims to develop and validate a predictive model (nomogram) to address this gap. CREs pose significant risks to elderly patients during the recovery phase from general anesthesia, making it an important issue in perioperative care. With the increasing aging population and the complexity of surgical procedures, it is crucial to develop effective predictive tools to improve patient outcomes and ensure patient safety during post-anesthesia care unit (PACU) recovery. A total of 324 elderly patients who underwent elective general anesthesia in a grade A tertiary hospital from January 2023 to June 2023 were enrolled. Risk factors were identified using least absolute shrinkage and selection operator (LASSO) regression. A multivariate logistic regression model was constructed and represented as a nomogram. Internal validation of the model was performed using Bootstrapping. This study followed the TRIPOD checklist for reporting. The indicators included",10.1186/s12911-024-02671-4,https://pubmed.ncbi.nlm.nih.gov/39285407/,39285407,triPod_AI_era=2024-2025 | overall_calib=1 | subgroup_interval=0 | dual_overlap=0
37139796,"Development and Validation of HAS (Hajibandeh Index, ASA Status, Sarcopenia) - A Novel Model for Predicting Mortality After Emergency Laparotomy.",Hajibandeh Shahab; Hajibandeh Shahin; Hughes Ioan; Mitra Kalyan; Puthiyakunnel Saji Alwin; Clayton Amy,Annals of surgery,2024,"To develop and validate a predictive model to predict the risk of postoperative mortality after emergency laparotomy taking into account the following variables: age, age ≥ 80, ASA status, clinical frailty score, sarcopenia, Hajibandeh Index (HI), bowel resection, and intraperitoneal contamination. The discriminative powers of the currently available predictive tools range between adequate and strong; none has demonstrated excellent discrimination yet. The TRIPOD and STROCSS statement standards were followed to protocol and conduct a retrospective cohort study of adult patients who underwent emergency laparotomy due to non-traumatic acute abdominal pathology between 2017 and 2022. Multivariable binary logistic regression analysis was used to develop and validate the model via two protocols (Protocol A and B). The model performance was evaluated in terms of discrimination (ROC curve analysis), calibration (calibration diagram and Hosmer-Lemeshow test), and classification (classification table). One thousand forty-three patients were included (statistical power = 94%). Multivariable analysis kept HI (Protocol-A: P =0.0004; Protocol-B: P =0.0017), ASA status (Protocol-A: P =0.0068; Pr",10.1097/SLA.0000000000005897,https://pubmed.ncbi.nlm.nih.gov/37139796/,37139796,triPod_AI_era=2024-2025 | overall_calib=1 | subgroup_interval=1 | dual_overlap=0
42316322,A systematic review of artificial intelligence in radiotherapy associated cardiovascular toxicity.,Salama Vivian; Godinich Brandon M; Dunham Nathaniel; Nguyen Troy; Wen Sijin; Schmidlen Joseph A,"Cardio-oncology (London, England)",2026,"Cardiovascular toxicity (CVT) is a major concern after radiotherapy (RT), contributing to morbidity and mortality among cancer survivors. Artificial intelligence (AI) may improve risk prediction and RT planning; however, its role in RT-associated CVT remains unclear. This study aimed to systematically evaluate AI applications and study quality in this field. A PRISMA-guided systematic review of PubMed, Ovid EMBASE, Cochrane Library, and Web of Science was conducted through October 1, 2025. Eligible studies included original human research in English applying AI to CVT or imaging in cancer populations receiving RT. Predictive and imaging studies were evaluated using TRIPOD + AI/PROBAST and CLAIM/QUADAS-2, respectively. Exploratory meta-analysis of performance metrics was conducted where feasible. Sixty-five studies were included, comprising AI prediction models (n = 31, 48%) and cardiovascular imaging applications (n = 34, 52%). Deep learning was the most common approach (45/65, 69%) and demonstrated the highest predictive performance (median AUC = 0.82; median sensitivity = 0.83). Calibration assessment (3/31, 10%) and external validation (6/31, 19%) were limited. Meta-analysis dem",10.1186/s40959-026-00528-5,https://pubmed.ncbi.nlm.nih.gov/42316322/,42316322,triPod_AI_era=2024-2025 | overall_calib=0 | subgroup_interval=0 | dual_overlap=0
34332894,Appraisal of multivariable prognostic models for post-operative liver decompensation following partial hepatectomy: a systematic review.,Mir Zuhaib M; Golding Haley; McKeown Sandra; Nanji Sulaiman; Flemming Jennifer A; Groome Patti A,HPB : the official journal of the International Hepato Pancreato Biliary Association,2021,"Few reports have evaluated prognostic modelling studies of tools used for surgical decision-making. This systematic review aimed to describe and critically appraise studies that have developed or validated multivariable prognostic models for post-operative liver decompensation following partial hepatectomy. This study was designed using the CHARMS checklist. Following a comprehensive literature search, two reviewers independently screened candidate references for inclusion and abstracted relevant study details. Qualitative assessment was performed using the PROBAST tool. We identified 36 prognostic modelling studies; 25 focused on development only, 3 developed and validated models, and 8 validated pre-existing models. None compared routine use of a prognostic model against standard clinical practice. Most studies used single-institution, retrospective cohort designs, conducted in Eastern populations. In total, 15 different outcome definitions for post-operative liver decompensation events were used. Statistical concerns surrounding model overfitting, performance assessment, and internal validation led to high risk of bias for all studies. Current prognostic models for post-operativ",10.1016/j.hpb.2021.06.430,https://pubmed.ncbi.nlm.nih.gov/34332894/,34332894,triPod_AI_era=pre-2024 | overall_calib=1 | subgroup_interval=0 | dual_overlap=0
41643238,"Prediction models for maltreatment risk: TRIPOD/PROBAST compliance, calibration, and fairness-A systematic review.",Ahmed Rasha Sayed; Shaban Mostafa,Child abuse & neglect,2026,"Prediction models for child maltreatment risk are increasingly used to support decisions in child protection, yet concerns remain about methodological quality, transparency, calibration, and equity, particularly when tools are derived from administrative data. To systematically review prediction models for child maltreatment risk and evaluate adherence to TRIPOD, risk of bias and applicability using PROBAST, and the extent of evidence on calibration, external validation, and fairness. We included quantitative studies that developed or validated multivariable prediction models for maltreatment-related outcomes in child protection or public health contexts. Electronic databases and registers (2010-2025) were searched for studies reporting model performance. Two reviewers independently screened records, extracted data, and appraised reporting using TRIPOD and risk of bias/applicability using PROBAST. Owing to heterogeneity in outcomes, model types, and data sources, findings were synthesized narratively. Fourteen studies met inclusion criteria. Most used administrative or clinical datasets and logistic regression or machine learning models, achieving moderate to high discrimination. F",10.1016/j.chiabu.2026.107923,https://pubmed.ncbi.nlm.nih.gov/41643238/,41643238,triPod_AI_era=2024-2025 | overall_calib=1 | subgroup_interval=0 | dual_overlap=0
41530034,Radiomics and Image-based Artificial Intelligence for Predicting Recurrence and Survival After Surgery in Localized Renal Cell Carcinoma: An APPRAISE-AI Systematic Review and Meta-analysis.,Mjaess Georges; Diamand Romain; Dikete Nayoth; Kwong Jethro C C; Pezzullo Martina; Margue Gaëlle,European urology focus,2026,"Radiomics and artificial intelligence (AI)-based imaging models offer a noninvasive approach to preoperative risk stratification in localized renal cell carcinoma (RCC), where existing prognostic tools remain limited. We conducted a systematic review and meta-analysis to evaluate their predictive performance and methodological quality for recurrence and survival outcomes. A systematic review was conducted in PubMed and Scopus from inception through April 2025. Radiomics and AI models were assessed for prognostic accuracy regarding 5-yr fixed-time recurrence-free survival (RFS) and overall survival after surgery for localized RCC. The extracted data included model type, radiomic features, validation methods, and area under the curve (AUC). Methodological quality was assessed using the APPRAISE-AI framework. Pooled 5-yr AUCs were synthesized using a prespecified random-effect model; heterogeneity was quantified (Q and τ2) and explored using a prespecified analysis restricted to external validation-only cohorts and sensitivity analyses. Thirty studies (n = 17 639) were included, predominantly retrospective and computed tomography (CT) based. The most predictive and frequently retained",10.1016/j.euf.2025.12.017,https://pubmed.ncbi.nlm.nih.gov/41530034/,41530034,triPod_AI_era=2024-2025 | overall_calib=0 | subgroup_interval=0 | dual_overlap=0
40916049,Predicting venous thromboembolism among hospitalized adults: a protocol for development and validation of an implementable real-time prognostic model.,Domenico Henry J; Tillman Benjamin F; Just Shari L; Ko Yeji; Mixon Amanda S; Weitkamp Asli,Diagnostic and prognostic research,2025,"Hospital-acquired venous thromboembolism (HA-VTE) is a leading cause of morbidity and mortality among hospitalized adults. Numerous prognostic models have been developed to identify those patients with elevated risk of HA-VTE. None, however, has met the necessary criteria to guide clinical decision-making. This study outlines a protocol for refining and validating a general-purpose prognostic model for HA-VTE, designed for real-time automation within the electronic health record (EHR) system. A retrospective cohort of 132,561 inpatient encounters (89,586 individual patients) at a large academic medical center will be collected, along with clinical and demographic data available as part of routine care. Data for temporal, geographic, and domain external validation cohorts will also be collected. Logistic regression will be used to predict occurrence of HA-VTE during an inpatient encounter. Variables considered for model inclusion will be based on prior demonstrated association with HA-VTE and their availability in both retrospective EHR data and routine clinical care. Least absolute shrinkage and selection operator (LASSO) with tenfold cross-validation will be used for initial varia",10.1186/s41512-025-00205-8,https://pubmed.ncbi.nlm.nih.gov/40916049/,40916049,triPod_AI_era=2024-2025 | overall_calib=1 | subgroup_interval=0 | dual_overlap=0
38236623,Machine Learning Approaches for the Image-Based Identification of Surgical Wound Infections: Scoping Review.,Tabja Bortesi Juan Pablo; Ranisau Jonathan; Di Shuang; McGillion Michael; Rosella Laura; Johnson Alistair,Journal of medical Internet research,2024,"Surgical site infections (SSIs) occur frequently and impact patients and health care systems. Remote surveillance of surgical wounds is currently limited by the need for manual assessment by clinicians. Machine learning (ML)-based methods have recently been used to address various aspects of the postoperative wound healing process and may be used to improve the scalability and cost-effectiveness of remote surgical wound assessment. The objective of this review was to provide an overview of the ML methods that have been used to identify surgical wound infections from images. We conducted a scoping review of ML approaches for visual detection of SSIs following the JBI (Joanna Briggs Institute) methodology. Reports of participants in any postoperative context focusing on identification of surgical wound infections were included. Studies that did not address SSI identification, surgical wounds, or did not use image or video data were excluded. We searched MEDLINE, Embase, CINAHL, CENTRAL, Web of Science Core Collection, IEEE Xplore, Compendex, and arXiv for relevant studies in November 2022. The records retrieved were double screened for eligibility. A data extraction tool was used to ",10.2196/52880,https://pubmed.ncbi.nlm.nih.gov/38236623/,38236623,triPod_AI_era=2024-2025 | overall_calib=1 | subgroup_interval=1 | dual_overlap=0
32588088,Value of 18F-FDG PET/CT radiomic features to distinguish solitary lung adenocarcinoma from tuberculosis.,Hu Yujing; Zhao Xinming; Zhang Jianyuan; Han Jingya; Dai Meng,European journal of nuclear medicine and molecular imaging,2021,"To develop a predictive model by 18F-FDG PET/CT radiomic features and to validate the predictive value of the model for distinguishing solitary lung adenocarcinoma from tuberculosis. A total of 235 18F-FDG PET/CT patients with pathologically or follow-up confirmed lung adenocarcinoma (n = 131) or tuberculosis (n = 104) were retrospectively and randomly divided into a training (n = 163) and validation (n = 72) cohort. Based on the Transparent Reporting of Multivariable Prediction Model for Individual Prognosis or Diagnosis (TRIPOD), this work was belonged to TRIPOD type 2a study. The Mann-Whitney U test and least absolute shrinkage and selection operator (LASSO) algorithm were used to select the optimal predictors from 92 radiomic features that were extracted from PET/CT, and the optimal predictors were used to build the radiomic model in the training cohort. The meaningful clinical variables comprised the clinical model, and the combination of the radiomic model and clinical model was a complex model. The performances of the models were assessed by the area under the receiver operating characteristic curve (AUC) in the training and validation cohorts. In the training cohort, 9 radi",10.1007/s00259-020-04924-6,https://pubmed.ncbi.nlm.nih.gov/32588088/,32588088,triPod_AI_era=pre-2024 | overall_calib=0 | subgroup_interval=1 | dual_overlap=0
34433596,Development and validation of a life expectancy estimator for multimorbid older adults: a cohort study protocol.,Gastens Viktoria; Del Giovane Cinzia; Anker Daniela; Feller Martin; Syrogiannouli Lamprini; Schwab Nathalie,BMJ open,2021,"Older multimorbid adults have a high risk of mortality and a short life expectancy (LE). Providing high-value care and avoiding care overuse, including of preventive care, is a serious challenge among multimorbid patients. While guidelines recommend to tailor preventive care according to the estimated LE, there is no tool to estimate LE in this specific population. Our objective is therefore to develop an LE estimator for older multimorbid adults by transforming a mortality prognostic index, which will be developed and internally validated in a prospective cohort. We will analyse data of the Optimising Therapy to Prevent Avoidable Hospital Admissions in Multimorbid Older People cohort study in Bern, Switzerland. 822 participants were included at hospitalisation with age of 70 years or older, multimorbidity (three or more chronic medical conditions) and polypharmacy (use of five drugs or more for >30 days). All-cause mortality will be assessed during 3 years of follow-up. We will apply a flexible parametric survival model with backward stepwise selection to identify the mortality risk predictors. The model will be internally validated using bootstrapping techniques. We will derive a",10.1136/bmjopen-2020-048168,https://pubmed.ncbi.nlm.nih.gov/34433596/,34433596,triPod_AI_era=pre-2024 | overall_calib=1 | subgroup_interval=0 | dual_overlap=0
40183229,Risk Prediction Models for Sarcopenia in Patients Undergoing Maintenance Haemodialysis: A Systematic Review and Meta-Analysis.,Yang Qing; Ji Wenting; Guo Julan; Fu Han; Li Hang; Gao Jing,Journal of clinical nursing,2025,"The number of risk prediction models for sarcopenia in patients undergoing maintenance haemodialysis (MHD) is increasing. However, the quality, applicability, and reporting adherence of these models in clinical practice and future research remain unknown. To systematically review published studies on risk prediction models for sarcopenia in patients undergoing MHD. Systematic review and meta-analysis of observational studies. This systematic review adhered to the PRISMA guidelines. Search relevant domestic and international databases, which were searched from the inception of the databases until November 2023. The Critical Appraisal and Data Extraction for Systematic Reviews of Prediction Modelling Studies (CHARMS) checklist was used to extract data. The Prediction Model Risk of Bias Assessment Tool (PROBAST) checklist was used to assess the risk of bias and applicability. The Transparent Reporting of a Multivariate Prediction Model for Individual Prognosis or Diagnosis (TRIPOD) was used to assess the reporting adherence. A total of 478 articles were retrieved, and 12 prediction models from 11 articles were included after the screening process. The incidence of sarcopenia in patien",10.1111/jocn.17755,https://pubmed.ncbi.nlm.nih.gov/40183229/,40183229,triPod_AI_era=2024-2025 | overall_calib=1 | subgroup_interval=0 | dual_overlap=0
41179789,Development and validation of an interpretable machine learning model and online web-based calculator based on social-ecosystem theory for early prediction of postpartum depression: a longitudinal study.,Lin Shusen; Wang Peng; Yue Chongyu; Kuang Guofang; Han Xuefei; Zhang Yanxia,Frontiers in public health,2025,"Postpartum depression (PPD) has emerged as a global public health issue that can cause significant harm to mothers and their families. Currently, there is an urgent need for a robust early risk prediction model to enable accurate predictions of postpartum depression in hospitals. This was a longitudinal study. Using social ecosystem theory, we collected multi-dimensional and multi-angle risk factors for early postpartum depression from delivery to discharge, and conducted 42-day postpartum follow-ups using the Edinburgh Postnatal Depression Scale (EPDS). We strictly adhered to the Transparent Reporting of a Multivariable Prediction Model for Individual Prognosis or Diagnosis (TRIPOD) checklist, used 10 machine learning (ML) algorithms to construct and validate the prediction model, and employed the Shapley additive explanation (SHAP) algorithm to explain the model. Risk stratification was performed through K-Means clustering analysis, ultimately resulting in an clinical screening tool for early PPD risk prediction. The results showed that by comparing the performance of prediction models constructed by the 10 ML algorithms, the model constructed using the random forest algorithm wa",10.3389/fpubh.2025.1685305,https://pubmed.ncbi.nlm.nih.gov/41179789/,41179789,triPod_AI_era=2024-2025 | overall_calib=0 | subgroup_interval=0 | dual_overlap=0
38979796,A systematic review of fall prediction models for community-dwelling older adults: comparison between models based on research cohorts and models based on routinely collected data.,Dormosh Noman; van de Loo Bob; Heymans Martijn W; Schut Martijn C; Medlock Stephanie; van Schoor Natasja M,Age and ageing,2024,"Prediction models can identify fall-prone individuals. Prediction models can be based on either data from research cohorts (cohort-based) or routinely collected data (RCD-based). We review and compare cohort-based and RCD-based studies describing the development and/or validation of fall prediction models for community-dwelling older adults. Medline and Embase were searched via Ovid until January 2023. We included studies describing the development or validation of multivariable prediction models of falls in older adults (60+). Both risk of bias and reporting quality were assessed using the PROBAST and TRIPOD, respectively. We included and reviewed 28 relevant studies, describing 30 prediction models (23 cohort-based and 7 RCD-based), and external validation of two existing models (one cohort-based and one RCD-based). The median sample sizes for cohort-based and RCD-based studies were 1365 [interquartile range (IQR) 426-2766] versus 90 441 (IQR 56 442-128 157), and the ranges of fall rates were 5.4% to 60.4% versus 1.6% to 13.1%, respectively. Discrimination performance was comparable between cohort-based and RCD-based models, with the respective area under the receiver operating c",10.1093/ageing/afae131,https://pubmed.ncbi.nlm.nih.gov/38979796/,38979796,triPod_AI_era=2024-2025 | overall_calib=1 | subgroup_interval=0 | dual_overlap=0
37943599,Clinical Prediction Models for Hospital-Induced Delirium Using Structured and Unstructured Electronic Health Record Data: Protocol for a Development and Validation Study.,Ser Sarah E; Shear Kristen; Snigurska Urszula A; Prosperi Mattia; Wu Yonghui; Magoc Tanja,JMIR research protocols,2023,"Hospital-induced delirium is one of the most common and costly iatrogenic conditions, and its incidence is predicted to increase as the population of the United States ages. An academic and clinical interdisciplinary systems approach is needed to reduce the frequency and impact of hospital-induced delirium. The long-term goal of our research is to enhance the safety of hospitalized older adults by reducing iatrogenic conditions through an effective learning health system. In this study, we will develop models for predicting hospital-induced delirium. In order to accomplish this objective, we will create a computable phenotype for our outcome (hospital-induced delirium), design an expert-based traditional logistic regression model, leverage machine learning techniques to generate a model using structured data, and use machine learning and natural language processing to produce an integrated model with components from both structured data and text data. This study will explore text-based data, such as nursing notes, to improve the predictive capability of prognostic models for hospital-induced delirium. By using supervised and unsupervised text mining in addition to structured data, ",10.2196/48521,https://pubmed.ncbi.nlm.nih.gov/37943599/,37943599,triPod_AI_era=pre-2024 | overall_calib=1 | subgroup_interval=1 | dual_overlap=0
36397723,Reporting and risk of bias of prediction models based on machine learning methods in preterm birth: A systematic review.,Yang Qiuyu; Fan Xia; Cao Xiao; Hao Weijie; Lu Jiale; Wei Jia,Acta obstetricia et gynecologica Scandinavica,2023,"There was limited evidence on the quality of reporting and methodological quality of prediction models using machine learning methods in preterm birth. This systematic review aimed to assess the reporting quality and risk of bias of a machine learning-based prediction model in preterm birth. We conducted a systematic review, searching the PubMed, Embase, the Cochrane Library, China National Knowledge Infrastructure, China Biology Medicine disk, VIP Database, and WanFang Data from inception to September 27, 2021. Studies that developed (validated) a prediction model using machine learning methods in preterm birth were included. We used the Transparent Reporting of a multivariable prediction model for Individual Prognosis Or Diagnosis (TRIPOD) statement and Prediction model Risk of Bias Assessment Tool (PROBAST) to evaluate the reporting quality and the risk of bias of included studies, respectively. Findings were summarized using descriptive statistics and visual plots. The protocol was registered in PROSPERO (no. CRD 42022301623). Twenty-nine studies met the inclusion criteria, with 24 development-only studies and 5 development-with-validation studies. Overall, TRIPOD adherence per",10.1111/aogs.14475,https://pubmed.ncbi.nlm.nih.gov/36397723/,36397723,triPod_AI_era=pre-2024 | overall_calib=0 | subgroup_interval=0 | dual_overlap=0
35995762,Construction and validation of postoperative hypothermia prediction model for patients undergoing joint replacement surgery.,Li Leilei; Lu Yubing; Yang Li Li; Xu Wei; Yu Jing Kai,Journal of clinical nursing,2023,"To construct and validate a postoperative hypothermia prediction model for patients undergoing joint replacement surgery. Postoperative hypothermia is one of the harmful perioperative complications in patients undergoing joint replacement surgery. The previous studies mainly focused on intraoperative hypothermia prediction models. The prediction model for postoperative hypothermia in patients with joint replacement surgery was understudied. Cohort study. We collected data from 503 participants undergoing joint replacement surgery in a tertiary hospital from January 2019 to December 2021. Of those, 404 cases were assigned to the modelling and 99 to the validation groups. Logistic regression was used to construct the model. The AUC was used to test the predictive effect of the model. Finally, 99 cases were used to verify the application effect of the model. A TRIPOD checklist was used to guide the reporting of this study. The factors entered into the prediction model were age, intraoperative hypothermia, BMI, heat preservation measures and platelet (PLT). The model was constructed as follows: Logit (P) = .537 + 3.669 × 1 (intraoperative hypothermia) + .030 × age - .289 × BMI + 2.857 ",10.1111/jocn.16503,https://pubmed.ncbi.nlm.nih.gov/35995762/,35995762,triPod_AI_era=pre-2024 | overall_calib=1 | subgroup_interval=1 | dual_overlap=0
38180530,Self-reported checklists and quality scoring tools in radiomics: a meta-research.,Kocak Burak; Akinci D'Antonoli Tugba; Ates Kus Ece; Keles Ali; Kala Ahmet; Kose Fadime,European radiology,2024,"To evaluate the use of reporting checklists and quality scoring tools for self-reporting purposes in radiomics literature. Literature search was conducted in PubMed (date, April 23, 2023). The radiomics literature was sampled at random after a sample size calculation with a priori power analysis. A systematic assessment for self-reporting, including the use of documentation such as completed checklists or quality scoring tools, was conducted in original research papers. These eligible papers underwent independent evaluation by a panel of nine readers, with three readers assigned to each paper. Automatic annotation was used to assist in this process. Then, a detailed item-by-item confirmation analysis was carried out on papers with checklist documentation, with independent evaluation of two readers. The sample size calculation yielded 117 papers. Most of the included papers were retrospective (94%; 110/117), single-center (68%; 80/117), based on their private data (89%; 104/117), and lacked external validation (79%; 93/117). Only seven papers (6%) had at least one self-reported document (Radiomics Quality Score (RQS), Transparent Reporting of a multivariable prediction model for Ind",10.1007/s00330-023-10487-5,https://pubmed.ncbi.nlm.nih.gov/38180530/,38180530,triPod_AI_era=2024-2025 | overall_calib=1 | subgroup_interval=0 | dual_overlap=0
42123173,Are AI Neuroimaging Models Ready for Clinical Use? A Systematic Methodological Review.,Sulaimanov Umid; Sanlier Nafiye; Moniri Ariorad; Demir Behman; Serikkanov Yerkebulan; Bayramoglu Ahmed Rasim,Journal of clinical medicine,2026,"Background/Objectives: Artificial intelligence (AI) has rapidly expanded across medical imaging with proposed applications in diagnosis, prognostication, and surgical planning. Concerns remain regarding methodological robustness and clinical readiness for many published models. This systematic review aimed to conduct a methodological audit of AI imaging studies relevant to contemporary neurosurgical practice-including intracranial, cerebrovascular, spinal, and connectomics-based applications-published in 2025. Methods: Following PRISMA guidelines and PROSPERO registration (CRD420261284068), PubMed was searched for studies published in 2025 evaluating machine learning or deep learning applications in MRI- or CT-based imaging. Three reviewers independently extracted data on validation strategy, data leakage risk, human comparator use, calibration reporting, and CLAIM/TRIPOD-AI adherence. Risk of bias was assessed using PROBAST+AI. Results: Of 1776 screened records, 91 studies met the inclusion criteria. China led contributions (54.9%), oncology was the most common domain (37.4%), and MRI was the predominant modality (67.0%). External validation was reported in 75.8% of studies, and 6",10.3390/jcm15093441,https://pubmed.ncbi.nlm.nih.gov/42123173/,42123173,triPod_AI_era=2024-2025 | overall_calib=0 | subgroup_interval=0 | dual_overlap=0
38797947,Development and validation of a nomogram for oral mucosal membrane pressure injuries in ICU patients: A prospective cohort study.,Jia Lingli; Deng Yuchun; Xu Yu; Wu Xiaoli; Liu Dan; Li Muying,Journal of clinical nursing,2024,"Establishing a nomogram to estimate the probability of oral mucosal membrane pressure injury of endotracheal tube-intubated hospitalized patients in intensive care unit. Multicentre prospective cohort study. Using Lasso regression and COX regression, variable selection was performed on demographic, clinical and laboratory data of 1037 ICU endotracheal tube-intubated hospitalized patients from West China Hospital, to construct a nomogram. External validation was conducted on 484 ICU endotracheal tube-intubated patients from People's Hospital of Zhongjiang County. Among 38 potential predictors, five variables emerged as independent predictors, integrated into the nomogram: administration of antibiotics, nutritional therapy duration, agitation, hypotension and albumin levels. We established a nomogram based on the hospital characteristics of ICU endotracheal tube-intubated patients, aiding in the prediction of the occurrence of oral mucosal membrane pressure injury. The study followed TRIPOD guidelines. The nomogram we developed can assist clinical worker in better identifying at-risk patients and risk factors. It enables the implementation of evidence-based nursing interventions in c",10.1111/jocn.17296,https://pubmed.ncbi.nlm.nih.gov/38797947/,38797947,triPod_AI_era=2024-2025 | overall_calib=1 | subgroup_interval=1 | dual_overlap=0
39710612,Development and Validation of a Nomogram for Predicting Frailty Risk Among Older Patients With Ischaemic Stroke.,Shen Dongdong; Li Jingjie; Teng Shuang; Li Mei; Tang Xianping,Journal of clinical nursing,2025,"To investigate the risk factors associated with frailty in older patients with ischaemic stroke, develop a nomogram and apply it clinically. A cross-sectional study. Altogether, 567 patients who experienced ischaemic strokes between March and December 2023 were temporally divided into training (n = 452) and validation (n = 115) sets and dichotomised into frail and non-frail groups using the Tilburg Frailty Indicator scale. In the training set, feature selection was performed using least absolute shrinkage and selection operator regression and random forest recursive feature elimination, followed by nomogram construction using binary logistic regression. Internal validation was performed through bootstrap re-sampling and the validation set was used to assess model generalisability. The receiver operating characteristic curve, Hosmer-Lemeshow test, Brier score, calibration curve, decision curve analysis and clinical impact curve were used to evaluate nomogram performance. The prevalence of frailty was 58.6%. Marital status, smoking, history of falls (in the preceding year), physical exercise, polypharmacy, albumin levels, activities of daily living, dysphagia and cognitive impairment",10.1111/jocn.17627,https://pubmed.ncbi.nlm.nih.gov/39710612/,39710612,triPod_AI_era=2024-2025 | overall_calib=1 | subgroup_interval=0 | dual_overlap=0
35983028,"A scoping review of complication prediction models in spinal surgery: An analysis of model development, validation and impact.",Canturk Toros C; Czikk Daniel; Wai Eugene K; Phan Philippe; Stratton Alexandra; Michalowski Wojtek,North American Spine Society journal,2022,"Predictive analytics are being used increasingly in the field of spinal surgery with the development of models to predict post-surgical complications. Predictive models should be valid, generalizable, and clinically useful. The purpose of this review was to identify existing post-surgical complication prediction models for spinal surgery and to determine if these models are being adequately investigated with internal/external validation, model updating and model impact studies. This was a scoping review of studies pertaining to models for the prediction of post-surgical complication after spinal surgery published over 10 years (2010-2020). Qualitative data was extracted from the studies to include study classification, adherence to Transparent Reporting of a multivariable prediction model for Individual Prognosis Or Diagnosis (TRIPOD) guidelines and risk of bias (ROB) assessment using the Prediction model study Risk Of Bias Assessment Tool (PROBAST). Model evaluation was determined using area under the curve (AUC) when available. The Preferred Reporting Items for Systematic Reviews and Meta-Analysis (PRISMA) statement was used as a basis for the search methodology in four different",10.1016/j.xnsj.2022.100142,https://pubmed.ncbi.nlm.nih.gov/35983028/,35983028,triPod_AI_era=pre-2024 | overall_calib=0 | subgroup_interval=0 | dual_overlap=0
41833126,Prediction models for primary graft dysfunction after lung transplantation: Systematic review.,Zhao Ruying; Bu Xiaofan; Fan Rongrong,"Transplantation reviews (Orlando, Fla.)",2026,"Primary graft dysfunction (PGD) is the leading cause of early mortality following lung transplantation (LTx). Accurate prediction of PGD is critical to implementing effective preventive measures at the earliest opportunity. A systematic literature search about PGD prediction models was conducted, and results were synthesized narratively and descriptively. This systematic review adhered the Transparent Reporting of Multi-variable Prediction Models for Individual Prognosis or Diagnosis: Checklist for Systematic Reviews and Meta-analyses (TRIPOD -SRMA). The risk of bias was assessed using the Prediction Model Risk of Bias Assessment Tool (PROBAST). Nine original studies comprising 12 predictive models were included. Most models were rated as high risk of bias, despite claims of TRIPOD adherence. Common methodological limitations included inadequate reporting of performance measures, lack of blinding to predictors and outcomes, retrospective design, and insufficient sample size. Only four studies conducted both model development and external validation. Discriminative performance, as measured by the area under the curve (AUC), ranged from 0.63 to 0.94 in derivation cohorts and 0.66 to ",10.1016/j.trre.2026.101017,https://pubmed.ncbi.nlm.nih.gov/41833126/,41833126,triPod_AI_era=2024-2025 | overall_calib=1 | subgroup_interval=0 | dual_overlap=0
28115491,Development and external validation of a nomogram and online tool to predict bowel dysfunction following restorative rectal cancer resection: the POLARS score.,Battersby Nick J; Bouliotis George; Emmertsen Katrine J; Juul Therese; Glynne-Jones Rob; Branagan Graham,Gut,2018,"Bowel dysfunction is common following a restorative rectal cancer resection, but symptom severity and the degree of quality of life impairment is highly variable. An internationally validated patient-reported outcome measure, Low Anterior Resection Syndrome (LARS) score, now enables these symptoms to be measured. The study purpose was: (1) to develop a model that predicts postoperative bowel function; (2) externally validate the model and (3) incorporate these findings into a nomogram and online tool in order to individualise patient counselling and aid preoperative consent. Patients more than 1 year after curative restorative anterior resection (UK, median 54 months; Denmark (DK), 56 months since surgery) were invited to complete The European Organisation for Research and Treatment of Cancer Quality of Life Questionnaire - Core 30 version3 (EORTC QLQ-C30 v3), LARS and Wexner incontinence scores. Demographics, tumour characteristics, preoperative/postoperative treatment and surgical procedures were recorded. Using transparent reporting of a multivariable prediction model for individual prognosis or diagnosis (TRIPOD) guidelines, risk factors for bowel dysfunction were independently",10.1136/gutjnl-2016-312695,https://pubmed.ncbi.nlm.nih.gov/28115491/,28115491,triPod_AI_era=pre-2024 | overall_calib=1 | subgroup_interval=0 | dual_overlap=1
40206990,Predicting Inpatient Admissions From Emergency Department Triage Using Machine Learning: A Systematic Review.,Williams Ethan L; Huynh Daniel; Estai Mohamed; Sinha Toshi; Summerscales Matthew; Kanagasingam Yogesan,Mayo Clinic proceedings. Digital health,2025,"This study aimed to evaluate the quality of evidence for using machine learning models to predict inpatient admissions from emergency department triage data, ultimately aiming to improve patient flow management. A comprehensive literature search was conducted according to the PRISMA guidelines across 5 databases, PubMed, Embase, Web of Science, Scopus, and CINAHL, on August 1, 2024, for English-language studies published between August 1, 2014, and August 1, 2024. This yielded 700 articles, of which 66 were screened in full, and 31 met the inclusion and exclusion criteria. Model quality was assessed using the PROBAST appraisal tool and a modified TRIPOD+AI framework, alongside reported model performance metrics. Seven studies demonstrated rigorous methodology and promising in silico performance, with an area under the receiver operating characteristic ranging from 0.81 to 0.93. However, further performance analysis was limited by heterogeneity in model development and an unclear-to-high risk of bias and applicability concerns in the remaining 24 articles, as evaluated by the PROBAST tool. The current literature demonstrates a good degree of in silico accuracy in predicting inpatien",10.1016/j.mcpdig.2025.100197,https://pubmed.ncbi.nlm.nih.gov/40206990/,40206990,triPod_AI_era=2024-2025 | overall_calib=0 | subgroup_interval=0 | dual_overlap=0
36635634,The reporting of prognostic prediction models for obstetric care was poor: a cross-sectional survey of 10-year publications.,Liu Chunrong; Qi Yana; Liu Xinghui; Chen Meng; Xiong Yiquan; Huang Shiyao,BMC medical research methodology,2023,"To investigate the reporting of prognostic prediction model studies in obstetric care through a cross-sectional survey design. PubMed was searched to identify prognostic prediction model studies in obstetric care published from January 2011 to December 2020. The quality of reporting was assessed by the TRIPOD checklist. The overall adherence by study and the adherence by item were calculated separately, and linear regression analysis was conducted to explore the association between overall adherence and prespecified study characteristics. A total of 121 studies were included, while no study completely adhered to the TRIPOD. The results showed that the overall adherence was poor (median 46.4%), and no significant improvement was observed after the release of the TRIPOD (43.9 to 46.7%). Studies including both model development and external validation had higher reporting quality versus those including model development only (68.1% vs. 44.8%). Among the 37 items required by the TRIPOD, 10 items were reported adequately with an adherence rate over of 80%, and the remaining 27 items had an adherence rate ranging from 2.5 to 79.3%. In addition, 11 items had a report rate lower than 25.0%",10.1186/s12874-023-01832-9,https://pubmed.ncbi.nlm.nih.gov/36635634/,36635634,triPod_AI_era=pre-2024 | overall_calib=1 | subgroup_interval=1 | dual_overlap=0
41469039,Evaluating multivariable prediction models for Parkinson's disease prognosis: a scoping review protocol.,Eickholt Lynn; Super Megan; Aamodt Whitley,BMJ open,2025,"Parkinson's disease (PD) is a neurodegenerative disorder characterised by heterogeneous motor symptoms, non-motor symptoms and rates of disease progression; phenotype and prognosis vary by individual. Although researchers have attempted to predict clinical outcomes using biomarkers and other variables, there are limited data on the development, validation and clinical utility of multivariable prediction models for individual prognostication in PD. In this protocol, we will develop a method for identifying, reviewing and appraising existing PD prognostic models in order to summarise the current literature, identify knowledge gaps and inform future research. This scoping review will be guided by the methodological principles outlined in the Preferred Reporting Items for Systematic Review and Meta-Analysis extension for Scoping Reviews. We will include all multivariable models that predict disease progression in individuals with PD using traditional statistical methods or machine learning. We will exclude models that only report performance measures for one variable (ie, univariable models) or only provide effect estimates (eg, OR, HR). A detailed search of peer-reviewed research publ",10.1136/bmjopen-2025-107156,https://pubmed.ncbi.nlm.nih.gov/41469039/,41469039,triPod_AI_era=2024-2025 | overall_calib=1 | subgroup_interval=0 | dual_overlap=0
36821108,Risk Prediction Models for Cardiotoxicity of Chemotherapy Among Patients With Breast Cancer: A Systematic Review.,Kaboré Elisé G; Macdonald Conor; Kaboré Ahmed; Didier Romain; Arveux Patrick; Meda Nicolas,JAMA network open,2023,"Cardiotoxicity is a serious adverse effect that can occur in women undergoing treatment for breast cancer. Identifying patients who will develop cardiotoxicity remains challenging. To identify, describe, and evaluate all prognostic models developed to predict cardiotoxicity following treatment in women with breast cancer. This systematic review searched the Medline, Embase, and Cochrane databases up to September 22, 2021, to include studies developing or validating a prediction model for cardiotoxicity in women with breast cancer. The Prediction Model Risk of Bias Assessment Tool (PROBAST) was used to assess both the risk of bias and the applicability of the prediction modeling studies. Transparency reporting was assessed with the Transparent Reporting of a Multivariable Prediction Model for Individual Prognosis or Diagnosis (TRIPOD) tool. After screening 590 publications, we identified 7 prognostic model studies for this review. Six were model development studies and 1 was an external validation study. Outcomes included occurrence of cardiac dysfunction (echocardiographic parameters), heart failure, and composite clinical outcomes. Model discrimination, measured by the area under ",10.1001/jamanetworkopen.2023.0569,https://pubmed.ncbi.nlm.nih.gov/36821108/,36821108,triPod_AI_era=pre-2024 | overall_calib=0 | subgroup_interval=0 | dual_overlap=0
36229351,Estimating skills level in recreational skiing: Development and validation of a practical multidimensional instrument.,Luppino Floriana Samantha; den Hollander-Gijsman Margien Elisabeth; Dekker Friedo Wilhelm; Bartlema Kornelis Alexander; van Diepen Merel,Scandinavian journal of medicine & science in sports,2023,"Skiing and snowboarding are both popular recreational alpine sports, with substantial injury risk of variable severity. Although skills level has repeatedly been associated with injury risk, a validated measure to accurately estimate the actual skills level without objective assessment is missing. This study aimed to develop a practical validated instrument, to better estimate the actual skills level of recreational skiers, based on the criteria of the Dutch Skiing Federation (DSF), and covering five different skill domains. A sample of Dutch recreational skiers (n = 84) was asked to fill in a questionnaire reflecting seven, a priori chosen predictors by expert opinion, to ski downhill and to be objectively evaluated by expert assessors. The instrument was developed to have a multidimensional character and was validated according to the TRIPOD guideline (Transparent reporting of a multivariable prediction model for individual prognosis or diagnosis). The sample reported an overall incorrect self-reported estimation of their skills, compared with the observed skill score. The instrument showed good calibration and underwent multiple validation methods. The estimated skills score sho",10.1111/sms.14245,https://pubmed.ncbi.nlm.nih.gov/36229351/,36229351,triPod_AI_era=pre-2024 | overall_calib=1 | subgroup_interval=1 | dual_overlap=1
33870837,Availability and reporting quality of external validations of machine-learning prediction models with orthopedic surgical outcomes: a systematic review.,Groot Olivier Q; Bindels Bas J J; Ogink Paul T; Kapoor Neal D; Twining Peter K; Collins Austin K,Acta orthopaedica,2021,"Background and purpose - External validation of machine learning (ML) prediction models is an essential step before clinical application. We assessed the proportion, performance, and transparent reporting of externally validated ML prediction models in orthopedic surgery, using the Transparent Reporting for Individual Prognosis or Diagnosis (TRIPOD) guidelines.Material and methods - We performed a systematic search using synonyms for every orthopedic specialty, ML, and external validation. The proportion was determined by using 59 ML prediction models with only internal validation in orthopedic surgical outcome published up until June 18, 2020, previously identified by our group. Model performance was evaluated using discrimination, calibration, and decision-curve analysis. The TRIPOD guidelines assessed transparent reporting.Results - We included 18 studies externally validating 10 different ML prediction models of the 59 available ML models after screening 4,682 studies. All external validations identified in this review retained good discrimination. Other key performance measures were provided in only 3 studies, rendering overall performance evaluation difficult. The overall med",10.1080/17453674.2021.1910448,https://pubmed.ncbi.nlm.nih.gov/33870837/,33870837,triPod_AI_era=pre-2024 | overall_calib=1 | subgroup_interval=0 | dual_overlap=0
31960915,A systematic review of the quality of clinical prediction models in in vitro fertilisation.,Ratna M B; Bhattacharya S; Abdulrahim B; McLernon D J,"Human reproduction (Oxford, England)",2020,"What are the best-quality clinical prediction models in IVF (including ICSI) treatment to inform clinicians and their patients of their chance of success? The review recommends the McLernon post-treatment model for predicting the cumulative chance of live birth over and up to six complete cycles of IVF. Prediction models in IVF have not found widespread use in routine clinical practice. This could be due to their limited predictive accuracy and clinical utility. A previous systematic review of IVF prediction models, published a decade ago and which has never been updated, did not assess the methodological quality of existing models nor provided recommendations for the best-quality models for use in clinical practice. The electronic databases OVID MEDLINE, OVID EMBASE and Cochrane library were searched systematically for primary articles published from 1978 to January 2019 using search terms on the development and/or validation (internal and external) of models in predicting pregnancy or live birth. No language or any other restrictions were applied. The PRISMA flowchart was used for the inclusion of studies after screening. All studies reporting on the development and/or validation",10.1093/humrep/dez258,https://pubmed.ncbi.nlm.nih.gov/31960915/,31960915,triPod_AI_era=pre-2024 | overall_calib=0 | subgroup_interval=1 | dual_overlap=0
